0.00, -0.697778,-0.683822,-0.669867,-0.655911,-0.641956,-0.628,-0.614045,-0.600089,-0.586133,-0.572178,-0.558222,-0.544267,-0.530311,-0.516356,-0.5024,-0.488445,-0.474489,-0.460534,-0.446578,-0.432622,-0.418667,-0.404711,-0.390756,-0.3768,-0.362845,-0.348889,-0.334934,-0.320978,-0.307022,-0.293067,-0.279111,-0.265156,-0.2512,-0.237245,-0.223289,-0.209333,-0.195378,-0.181422,-0.167467,-0.153511,-0.139556,-0.1256,-0.111645,-0.0976891,-0.0837335,-0.069778,-0.0558224,-0.0418669,-0.0279113,-0.0139558,-2.03028e-07,0.0139554,0.0279109,0.0418665,0.055822,0.0697776,0.0837331,0.0976887,0.111644,0.1256,0.139555,0.153511,0.167466,0.181422,0.195378,0.209333,0.223289,0.237244,0.2512,0.265155,0.279111,0.293066,0.307022,0.320978,0.334933,0.348889,0.362844,0.3768,0.390755,0.404711,0.418666,0.432622,0.446578,0.460533,0.474489,0.488444,0.5024,0.516355,0.530311,0.544266,0.558222,0.572178,0.586133,0.600089,0.614044,0.628,0.641955,0.655911,0.669866,0.683822,
-3, -50,-50,-50,-50,-50,-50,-50,-50,-50,-50,-50,-50,-50,-50,-50,-50,-50,-50,-50,-50,-50,-50,-50,-50,-50,-50,-50,-50,-50,-50,-50,-50,-49.8235,-48.8667,-47.946,-47.0593,-46.2048,-45.3807,-44.5855,-43.8177,-43.0758,-42.3587,-41.665,-40.9936,-40.3436,-39.7138,-39.1034,-38.5115,-37.9372,-37.3798,-36.8385,-36.3125,-35.8014,-35.3044,-34.8211,-34.3508,-33.893,-33.4473,-33.0131,-32.4847,-31.5644,-30.6157,-29.6373,-28.6278,-27.5857,-26.5094,-25.3971,-24.2471,-23.0573,-21.8257,-20.5501,-19.228,-17.8568,-16.4338,-14.956,-13.4202,-11.8228,-10.1602,-8.4281,-6.62222,-4.72601,-2.75741,-0.699217,0.00609653,0.00626738,0.826212,2.87849,4.84128,6.72853,8.52951,10.2568,11.9147,13.5075,15.0389,16.5123,17.931,19.298,20.616,21.8876,23.1153,
-2.94, -50,-50,-50,-50,-50,-50,-50,-50,-50,-50,-50,-50,-50,-50,-50,-50,-50,-50,-50,-50,-50,-50,-50,-50,-50,-50,-50,-50,-50,-50,-50,-50,-49.1791,-48.2467,-47.3489,-46.484,-45.65,-44.8455,-44.0687,-43.3184,-42.5932,-41.8919,-41.2133,-40.5563,-39.92,-39.3032,-38.7053,-38.1252,-37.5623,-37.0158,-36.4849,-35.9689,-35.4674,-34.9796,-34.505,-34.0431,-33.5935,-33.1555,-32.7289,-31.8717,-30.9326,-29.9641,-28.9651,-27.9339,-26.869,-25.7688,-24.6314,-23.4549,-22.2373,-20.9764,-19.6699,-18.3152,-16.9096,-15.4502,-13.9338,-12.3571,-10.7163,-9.00754,-7.22645,-5.36832,-3.41697,-1.38889,0.00569338,0.00585516,0.128364,2.21166,4.20344,6.11722,7.94365,9.69482,11.3753,12.9892,14.5405,16.0327,17.4691,18.8529,20.1868,21.4736,22.7156,23.9151,
-2.88, -50,-50,-50,-50,-50,-50,-50,-50,-50,-50,-50,-50,-50,-50,-50,-50,-50,-50,-50,-50,-50,-50,-50,-50,-50,-50,-50,-50,-50,-50,-50,-49.4955,-48.5512,-47.6422,-46.7666,-45.9226,-45.1085,-44.3227,-43.5638,-42.8305,-42.1214,-41.4354,-40.7714,-40.1283,-39.5051,-38.9011,-38.3152,-37.7467,-37.1948,-36.6588,-36.1381,-35.6318,-35.1395,-34.6606,-34.1946,-33.741,-33.2992,-32.8689,-32.1761,-31.2463,-30.2876,-29.2988,-28.2784,-27.2248,-26.1364,-25.0115,-23.8481,-22.6443,-21.3979,-20.1067,-18.7681,-17.3796,-15.9382,-14.441,-12.8845,-11.2652,-9.57924,-7.82242,-5.99016,-4.06713,-2.06849,0.00533838,0.00546011,0.00562929,1.53471,3.55613,5.49708,7.3495,9.12505,10.8284,12.4639,14.0355,15.5469,17.0015,18.4024,19.7525,21.0546,22.3111,23.5244,24.6968,
-2.82, -50,-50,-50,-50,-50,-50,-50,-50,-50,-50,-50,-50,-50,-50,-50,-50,-50,-50,-50,-50,-50,-50,-50,-50,-50,-50,-50,-50,-50,-50,-49.8159,-48.8595,-47.9391,-47.0526,-46.1984,-45.3746,-44.5796,-43.812,-43.0703,-42.3533,-41.6598,-40.9887,-40.3388,-39.7091,-39.0989,-38.5071,-37.9329,-37.3756,-36.8344,-36.3087,-35.7978,-35.3009,-34.8177,-34.3474,-33.8898,-33.4441,-33.01,-32.4775,-31.5569,-30.6079,-29.6292,-28.6194,-27.5769,-26.5001,-25.3874,-24.2369,-23.0467,-21.8146,-20.5384,-19.2157,-17.8439,-16.4203,-14.9417,-13.4051,-11.8069,-10.1433,-8.41031,-6.60339,-4.70808,-2.73827,-0.678779,0.00508198,0.00523502,0.847418,2.89916,4.86142,6.74689,8.54734,10.2741,11.9316,13.524,15.0549,16.5279,17.9462,19.3129,20.6305,21.9019,23.1292,24.3149,25.461,
-2.76, -50,-50,-50,-50,-50,-50,-50,-50,-50,-50,-50,-50,-50,-50,-50,-50,-50,-50,-50,-50,-50,-50,-50,-50,-50,-50,-50,-50,-50,-50,-49.1718,-48.2397,-47.3422,-46.4775,-45.6438,-44.8395,-44.063,-43.3129,-42.5879,-41.8867,-41.2083,-40.5515,-39.9153,-39.2987,-38.7008,-38.1209,-37.5581,-37.0117,-36.4809,-35.9652,-35.4638,-34.9761,-34.5016,-34.0399,-33.5903,-33.1524,-32.7259,-31.8644,-30.9249,-29.9562,-28.9568,-27.9252,-26.86,-25.7593,-24.6215,-23.4446,-22.2265,-20.9651,-19.658,-18.3027,-16.8964,-15.4363,-13.9192,-12.3416,-10.7,-8.99028,-7.20818,-5.34898,-3.39841,-1.36907,0.00472261,0.00486807,0.149558,2.23229,4.22355,6.13561,7.96151,9.71217,11.3921,13.0056,14.5565,16.0483,17.4844,18.8678,20.2014,21.4878,22.7295,23.9287,25.0877,26.2083,
-2.7, -50,-50,-50,-50,-50,-50,-50,-50,-50,-50,-50,-50,-50,-50,-50,-50,-50,-50,-50,-50,-50,-50,-50,-50,-50,-50,-50,-50,-50,-49.488,-48.544,-47.6353,-46.76,-45.9163,-45.1024,-44.3168,-43.5582,-42.825,-42.1161,-41.4303,-40.7665,-40.1235,-39.5005,-38.8966,-38.3109,-37.7425,-37.1907,-36.6548,-36.1342,-35.6281,-35.136,-34.6572,-34.1913,-33.7378,-33.2961,-32.8658,-32.1689,-31.2388,-30.2799,-29.2907,-28.27,-27.216,-26.1272,-25.0018,-23.838,-22.6337,-21.3869,-20.0951,-18.7559,-17.3668,-15.9247,-14.4267,-12.8695,-11.2493,-9.56249,-7.80471,-5.97142,-4.04912,-2.04929,0.00440602,0.00451754,0.00466868,1.55532,3.57621,5.5155,7.36738,9.14244,10.8453,12.4804,14.0516,15.5626,17.0167,18.4173,19.767,21.0688,22.325,23.538,24.7101,25.8432,26.9393,
-2.64, -50,-50,-50,-50,-50,-50,-50,-50,-50,-50,-50,-50,-50,-50,-50,-50,-50,-50,-50,-50,-50,-50,-50,-50,-50,-50,-50,-50,-49.8083,-48.8522,-47.9321,-47.046,-46.192,-45.3684,-44.5737,-43.8063,-43.0648,-42.348,-41.6547,-40.9837,-40.334,-39.7045,-39.0944,-38.5027,-37.9286,-37.3715,-36.8304,-36.3048,-35.794,-35.2973,-34.8142,-34.3441,-33.8865,-33.441,-33.007,-32.4704,-31.5496,-30.6003,-29.6213,-28.6111,-27.5683,-26.4911,-25.378,-24.2271,-23.0364,-21.8038,-20.5271,-19.2038,-17.8314,-16.4071,-14.9279,-13.3905,-11.7915,-10.1271,-8.39314,-6.58522,-4.6906,-2.71963,-0.658894,0.00418318,0.00431903,0.868022,2.91921,4.88097,6.76478,8.56474,10.291,11.9481,13.54,15.0705,16.5432,17.9611,19.3274,20.6447,21.9158,23.1428,24.3282,25.474,26.5822,27.6545,
-2.58, -50,-50,-50,-50,-50,-50,-50,-50,-50,-50,-50,-50,-50,-50,-50,-50,-50,-50,-50,-50,-50,-50,-50,-50,-50,-50,-50,-50,-49.1644,-48.2326,-47.3354,-46.471,-45.6376,-44.8335,-44.0572,-43.3073,-42.5825,-41.8816,-41.2033,-40.5466,-39.9106,-39.2941,-38.6964,-38.1167,-37.554,-37.0077,-36.477,-35.9614,-35.4601,-34.9726,-34.4983,-34.0366,-33.5871,-33.1494,-32.7228,-31.8572,-30.9175,-29.9484,-28.9487,-27.9168,-26.8512,-25.7502,-24.6119,-23.4345,-22.216,-20.9541,-19.6464,-18.2905,-16.8836,-15.4228,-13.905,-12.3267,-10.6842,-8.97362,-7.19055,-5.33032,-3.38034,-1.3498,0.0038658,0.00399522,0.170154,2.25233,4.24306,6.15354,7.97893,9.72911,11.4086,13.0217,14.5721,16.0636,17.4993,18.8823,20.2156,21.5017,22.743,23.942,25.1007,26.2211,27.305,28.3543,
-2.52, -50,-50,-50,-50,-50,-50,-50,-50,-50,-50,-50,-50,-50,-50,-50,-50,-50,-50,-50,-50,-50,-50,-50,-50,-50,-50,-50,-49.4804,-48.5368,-47.6284,-46.7534,-45.9099,-45.0963,-44.311,-43.5525,-42.8196,-42.1109,-41.4253,-40.7616,-40.1188,-39.496,-38.8922,-38.3066,-37.7383,-37.1866,-36.6509,-36.1303,-35.6244,-35.1324,-34.6538,-34.188,-33.7346,-33.293,-32.8628,-32.1619,-31.2315,-30.2723,-29.2828,-28.2617,-27.2074,-26.1182,-24.9925,-23.8282,-22.6235,-21.3761,-20.0838,-18.7441,-17.3543,-15.9116,-14.4129,-12.8549,-11.234,-9.54632,-7.78761,-5.95332,-4.03158,-2.03059,0.00358613,0.00368706,0.00382059,1.57534,3.5957,5.53346,7.38482,9.15938,10.8618,12.4964,14.0672,15.5778,17.0316,18.4318,19.7812,21.0826,22.3386,23.5513,24.7231,25.8559,26.9518,28.0124,29.0394,
-2.46, -50,-50,-50,-50,-50,-50,-50,-50,-50,-50,-50,-50,-50,-50,-50,-50,-50,-50,-50,-50,-50,-50,-50,-50,-50,-50,-49.8006,-48.8449,-47.9251,-47.0392,-46.1855,-45.3622,-44.5677,-43.8005,-43.0593,-42.3427,-41.6496,-40.9788,-40.3292,-39.6999,-39.0899,-38.4983,-37.9244,-37.3674,-36.8264,-36.3009,-35.7902,-35.2936,-34.8107,-34.3407,-33.8833,-33.4378,-33.0039,-32.4635,-31.5424,-30.5928,-29.6135,-28.603,-27.5599,-26.4824,-25.3689,-24.2175,-23.0264,-21.7933,-20.5161,-19.1923,-17.8193,-16.3944,-14.9145,-13.3764,-11.7767,-10.1114,-8.37655,-6.56767,-4.67356,-2.7015,-0.63956,0.00339424,0.0035136,0.888029,2.93868,4.89994,6.78225,8.5817,10.3075,11.9642,13.5556,15.0858,16.558,17.9756,19.3416,20.6586,21.9293,23.1561,24.3412,25.4867,26.5946,27.6667,28.7046,29.7101,
-2.4, -50,-50,-50,-50,-50,-50,-50,-50,-50,-50,-50,-50,-50,-50,-50,-50,-50,-50,-50,-50,-50,-50,-50,-50,-50,-50,-49.1568,-48.2254,-47.3285,-46.4644,-45.6313,-44.8274,-44.0514,-43.3017,-42.5771,-41.8764,-41.1983,-40.5418,-39.9059,-39.2896,-38.6921,-38.1124,-37.5499,-37.0037,-36.4731,-35.9576,-35.4564,-34.969,-34.4948,-34.0333,-33.584,-33.1463,-32.7198,-31.8502,-30.9102,-29.9408,-28.9408,-27.9086,-26.8426,-25.7412,-24.6026,-23.4248,-22.2058,-20.9434,-19.6352,-18.2787,-16.8712,-15.4098,-13.8913,-12.3122,-10.669,-8.95752,-7.17354,-5.3123,-3.36273,-1.33104,0.00311687,0.00323071,0.190153,2.27178,4.262,6.17102,7.9959,9.74561,11.4247,13.0373,14.5874,16.0784,17.5138,18.8965,20.2294,21.5152,22.7563,23.955,25.1134,26.2335,27.3172,28.3663,29.3823,30.3669,
-2.34, -50,-50,-50,-50,-50,-50,-50,-50,-50,-50,-50,-50,-50,-50,-50,-50,-50,-50,-50,-50,-50,-50,-50,-50,-50,-49.4728,-48.5295,-47.6214,-46.7467,-45.9035,-45.0901,-44.3051,-43.5469,-42.8141,-42.1056,-41.4202,-40.7567,-40.1141,-39.4914,-38.8878,-38.3023,-37.7341,-37.1826,-36.647,-36.1265,-35.6207,-35.1288,-34.6503,-34.1846,-33.7313,-33.2899,-32.8598,-32.155,-31.2243,-30.2648,-29.2751,-28.2537,-27.199,-26.1095,-24.9833,-23.8187,-22.6135,-21.3657,-20.0729,-18.7326,-17.3423,-15.899,-14.3996,-12.8409,-11.2192,-9.53069,-7.7711,-5.93585,-4.01449,-2.0124,0.00287247,0.00296262,0.00307914,1.59478,3.61462,5.55098,7.40182,9.1759,10.8779,12.5121,14.0824,15.5927,17.0461,18.446,19.7951,21.0962,22.3518,23.5643,24.7358,25.8684,26.964,28.0243,29.0511,30.0459,31.0102,
-2.28, -50,-50,-50,-50,-50,-50,-50,-50,-50,-50,-50,-50,-50,-50,-50,-50,-50,-50,-50,-50,-50,-50,-50,-50,-49.7928,-48.8374,-47.9179,-47.0324,-46.179,-45.3559,-44.5617,-43.7948,-43.0538,-42.3374,-41.6445,-40.9738,-40.3244,-39.6953,-39.0854,-38.494,-37.9202,-37.3633,-36.8225,-36.2971,-35.7865,-35.29,-34.8071,-34.3373,-33.8799,-33.4346,-33.0009,-32.4567,-31.5354,-30.5855,-29.6059,-28.5951,-27.5517,-26.4738,-25.36,-24.2082,-23.0167,-21.7831,-20.5054,-19.1811,-17.8076,-16.3821,-14.9015,-13.3628,-11.7623,-10.0962,-8.36052,-6.55071,-4.65696,-2.68384,-0.620757,0.00270901,0.00281266,0.907458,2.95758,4.91833,6.79927,8.59824,10.3236,11.9798,13.5709,15.1006,16.5725,17.9898,19.3554,20.6721,21.9425,23.169,24.3539,25.4991,26.6068,27.6786,28.7163,29.7216,30.6958,31.6405,
-2.22, -50,-50,-50,-50,-50,-50,-50,-50,-50,-50,-50,-50,-50,-50,-50,-50,-50,-50,-50,-50,-50,-50,-50,-50,-49.1492,-48.2181,-47.3216,-46.4578,-45.6249,-44.8213,-44.0455,-43.2961,-42.5717,-41.8712,-41.1933,-40.537,-39.9012,-39.2851,-38.6877,-38.1082,-37.5458,-36.9997,-36.4693,-35.9538,-35.4527,-34.9654,-34.4913,-34.0299,-33.5807,-33.1431,-32.7169,-31.8433,-30.903,-29.9334,-28.9331,-27.9005,-26.8342,-25.7325,-24.5935,-23.4152,-22.1958,-20.9329,-19.6243,-18.2673,-16.8592,-15.3972,-13.878,-12.2983,-10.6542,-8.94196,-7.15709,-5.29491,-3.34558,-1.31279,0.00246955,0.00256832,0.209587,2.29066,4.28038,6.18808,8.01246,9.76169,11.4403,13.0525,14.6022,16.0929,17.5279,18.9103,20.2429,21.5284,22.7692,23.9676,25.1258,26.2457,27.3291,28.378,29.3938,30.3781,31.3324,32.258,
-2.16, -50,-50,-50,-50,-50,-50,-50,-50,-50,-50,-50,-50,-50,-50,-50,-50,-50,-50,-50,-50,-50,-50,-50,-49.465,-48.522,-47.6143,-46.7399,-45.897,-45.0839,-44.2991,-43.5411,-42.8086,-42.1003,-41.4151,-40.7518,-40.1093,-39.4868,-38.8833,-38.298,-37.73,-37.1786,-36.6431,-36.1227,-35.617,-35.1252,-34.6468,-34.1812,-33.728,-33.2866,-32.8567,-32.1482,-31.2173,-30.2575,-29.2675,-28.2458,-27.1908,-26.101,-24.9744,-23.8094,-22.6038,-21.3555,-20.0622,-18.7215,-17.3306,-15.8867,-14.3867,-12.8273,-11.2049,-9.51558,-7.75514,-5.91897,-3.99782,-1.99468,0.00225853,0.00233788,0.00243816,1.61366,3.63297,5.56805,7.41839,9.192,10.8935,12.5273,14.0973,15.6071,17.0602,18.4597,19.8085,21.1094,22.3647,23.5769,24.7481,25.8805,26.9758,28.036,29.0625,30.0571,31.0212,31.9562,32.7665,
-2.1, -50,-50,-50,-50,-50,-50,-50,-50,-50,-50,-50,-50,-50,-50,-50,-50,-50,-50,-50,-50,-50,-50,-49.7848,-48.8298,-47.9107,-47.0255,-46.1723,-45.3496,-44.5556,-43.7889,-43.0482,-42.332,-41.6393,-40.9688,-40.3196,-39.6906,-39.0809,-38.4897,-37.9161,-37.3592,-36.8186,-36.2933,-35.7828,-35.2864,-34.8036,-34.3339,-33.8766,-33.4314,-32.9977,-32.45,-31.5284,-30.5783,-29.5985,-28.5874,-27.5436,-26.4655,-25.3512,-24.1991,-23.0072,-21.7732,-20.495,-19.1702,-17.7962,-16.3701,-14.889,-13.3496,-11.7483,-10.0815,-8.34502,-6.53434,-4.64077,-2.66664,-0.602455,0.002121,0.00220981,0.926336,2.97591,4.93617,6.81586,8.61435,10.3393,11.995,13.5857,15.1151,16.5866,18.0036,19.3688,20.6853,21.9554,23.1816,24.3662,25.5112,26.6186,27.6902,28.7277,29.7328,30.7068,31.6513,32.5675,33.0516,
-2.04, -50,-50,-50,-50,-50,-50,-50,-50,-50,-50,-50,-50,-50,-50,-50,-50,-50,-50,-50,-50,-50,-50,-49.1414,-48.2107,-47.3145,-46.451,-45.6184,-44.8151,-44.0396,-43.2904,-42.5662,-41.8659,-41.1882,-40.5321,-39.8965,-39.2806,-38.6833,-38.104,-37.5417,-36.9957,-36.4654,-35.9501,-35.4491,-34.9619,-34.4879,-34.0266,-33.5774,-33.1399,-32.7137,-31.8365,-30.8959,-29.9261,-28.9255,-27.8926,-26.826,-25.7239,-24.5845,-23.406,-22.1861,-20.9228,-19.6137,-18.2562,-16.8476,-15.3849,-13.8651,-12.2847,-10.64,-8.9269,-7.14118,-5.2781,-3.32887,-1.29502,0.00191734,0.00200154,0.228469,2.30899,4.2982,6.20469,8.02859,9.77737,11.4556,13.0674,14.6167,16.107,17.5417,18.9238,20.2561,21.5413,22.7818,23.9799,25.1378,26.2575,27.3407,28.3893,29.405,30.3891,31.3432,32.2686,32.911,33.3416,
-1.98, -50,-50,-50,-50,-50,-50,-50,-50,-50,-50,-50,-50,-50,-50,-50,-50,-50,-50,-50,-50,-50,-49.457,-48.5144,-47.6071,-46.733,-45.8904,-45.0776,-44.2931,-43.5353,-42.8031,-42.095,-41.4099,-40.7468,-40.1046,-39.4822,-38.8789,-38.2937,-37.7258,-37.1746,-36.6392,-36.119,-35.6133,-35.1216,-34.6433,-34.1778,-33.7247,-33.2834,-32.8535,-32.1415,-31.2103,-30.2503,-29.26,-28.238,-27.1828,-26.0926,-24.9657,-23.8003,-22.5943,-21.3456,-20.0519,-18.7106,-17.3192,-15.8747,-14.3741,-12.8141,-11.191,-9.50094,-7.73968,-5.90265,-3.98157,-1.97742,0.00173753,0.00180622,0.00189118,1.63199,3.65078,5.58469,7.43454,9.20769,10.9088,12.5421,14.1117,15.6212,17.074,18.4732,19.8217,21.1222,22.3772,23.5892,24.7602,25.8923,26.9874,28.0473,29.0737,30.0681,31.032,31.9667,32.7716,33.1985,33.6367,
-1.92, -50,-50,-50,-50,-50,-50,-50,-50,-50,-50,-50,-50,-50,-50,-50,-50,-50,-50,-50,-50,-49.7766,-48.822,-47.9033,-47.0184,-46.1656,-45.3431,-44.5494,-43.783,-43.0425,-42.3266,-41.634,-40.9638,-40.3148,-39.686,-39.0764,-38.4853,-37.9119,-37.3552,-36.8146,-36.2895,-35.7791,-35.2828,-34.8001,-34.3305,-33.8733,-33.4282,-32.9946,-32.4434,-31.5216,-30.5713,-29.5911,-28.5798,-27.5357,-26.4572,-25.3427,-24.1902,-22.9979,-21.7635,-20.4849,-19.1596,-17.7851,-16.3585,-14.8767,-13.3367,-11.7348,-10.0673,-8.33,-6.51848,-4.62496,-2.64986,-0.584629,0.0016235,0.00169842,0.944672,2.99372,4.95348,6.83203,8.63005,10.3545,12.0099,13.6002,15.1292,16.6004,18.017,19.3819,20.6981,21.9679,23.1939,24.3782,25.523,26.6302,27.7015,28.7388,29.7437,30.7175,31.6618,32.5778,33.0567,33.4911,33.9371,
-1.86, -50,-50,-50,-50,-50,-50,-50,-50,-50,-50,-50,-50,-50,-50,-50,-50,-50,-50,-50,-50,-49.1335,-48.2031,-47.3073,-46.4441,-45.6118,-44.8088,-44.0335,-43.2846,-42.5607,-41.8606,-41.1831,-40.5272,-39.8918,-39.276,-38.6789,-38.0997,-37.5375,-36.9917,-36.4615,-35.9463,-35.4455,-34.9584,-34.4845,-34.0232,-33.5742,-33.1368,-32.7107,-31.8297,-30.889,-29.9188,-28.918,-27.8849,-26.818,-25.7155,-24.5758,-23.3969,-22.1766,-20.9129,-19.6033,-18.2453,-16.8362,-15.373,-13.8526,-12.2715,-10.6261,-8.9123,-7.12578,-5.26182,-3.31256,-1.27771,0.00145302,0.00152363,0.246812,2.3268,4.31549,6.2209,8.04431,9.79264,11.4704,13.0818,14.6308,16.1207,17.5551,18.9368,20.2688,21.5538,22.794,23.9919,25.1496,26.269,27.352,28.4004,29.4158,30.3998,31.3537,32.2789,32.916,33.3468,33.7889,34.2429,
-1.8, -50,-50,-50,-50,-50,-50,-50,-50,-50,-50,-50,-50,-50,-50,-50,-50,-50,-50,-50,-49.4489,-48.5067,-47.5997,-46.7259,-45.8836,-45.0711,-44.2869,-43.5294,-42.7974,-42.0896,-41.4047,-40.7418,-40.0997,-39.4776,-38.8744,-38.2894,-37.7217,-37.1706,-36.6353,-36.1152,-35.6097,-35.1181,-34.6398,-34.1745,-33.7214,-33.2802,-32.8504,-32.1348,-31.2035,-30.2432,-29.2527,-28.2304,-27.1748,-26.0843,-24.9571,-23.7914,-22.585,-21.3359,-20.0417,-18.7,-17.3081,-15.8631,-14.3619,-12.8013,-11.1775,-9.48673,-7.72471,-5.88683,-3.9657,-1.96059,0.00130244,0.00136079,0.00143146,1.6498,3.66807,5.60092,7.45029,9.22297,10.9236,12.5566,14.1258,15.6349,17.0874,18.4862,19.8344,21.1347,22.3894,23.6011,24.7719,25.9037,26.9986,28.0583,29.0845,30.0787,31.0424,31.977,32.7765,33.2036,33.642,34.092,34.5543,
-1.74, -50,-50,-50,-50,-50,-50,-50,-50,-50,-50,-50,-50,-50,-50,-50,-50,-50,-50,-49.7683,-48.8141,-47.8957,-47.0112,-46.1587,-45.3366,-44.5431,-43.777,-43.0367,-42.321,-41.6287,-40.9587,-40.3099,-39.6812,-39.0719,-38.481,-37.9076,-37.3511,-36.8107,-36.2856,-35.7753,-35.2792,-34.7966,-34.3271,-33.87,-33.4249,-32.9914,-32.4368,-31.5148,-30.5643,-29.5839,-28.5723,-27.5279,-26.4491,-25.3343,-24.1815,-22.9887,-21.754,-20.475,-19.1493,-17.7742,-16.3471,-14.8648,-13.3242,-11.7217,-10.0535,-8.31544,-6.50312,-4.60951,-2.63349,-0.56726,0.00120955,0.00127159,0.962497,3.01101,4.97028,6.84781,8.64535,10.3694,12.0243,13.6143,15.1429,16.6137,18.03,19.3947,20.7105,21.9801,23.2058,24.3899,25.5344,26.6414,27.7125,28.7497,29.7543,30.7279,31.672,32.5879,33.0617,33.4963,33.9425,34.4007,34.8713,
-1.68, -50,-50,-50,-50,-50,-50,-50,-50,-50,-50,-50,-50,-50,-50,-50,-50,-50,-50,-49.1253,-48.1953,-47.2999,-46.437,-45.6051,-44.8024,-44.0274,-43.2787,-42.5551,-41.8552,-41.1779,-40.5222,-39.887,-39.2714,-38.6744,-38.0954,-37.5334,-36.9877,-36.4577,-35.9426,-35.4418,-34.9548,-34.481,-34.0199,-33.5709,-33.1336,-32.7076,-31.823,-30.882,-29.9117,-28.9106,-27.8772,-26.81,-25.7073,-24.5672,-23.3879,-22.1673,-20.9032,-19.5932,-18.2347,-16.8251,-15.3614,-13.8404,-12.2587,-10.6126,-8.89812,-7.11083,-5.24604,-3.29662,-1.26082,0.00106952,0.00112758,0.264667,2.3441,4.33228,6.23669,8.05963,9.80752,11.4849,13.0959,14.6445,16.1341,17.5681,18.9496,20.2813,21.5659,22.8059,24.0035,25.161,26.2802,27.363,28.4112,29.4264,30.4102,31.3639,32.289,32.9209,33.3519,33.7942,34.2484,34.7149,35.1943,
-1.62, -50,-50,-50,-50,-50,-50,-50,-50,-50,-50,-50,-50,-50,-50,-50,-50,-50,-49.4405,-48.4987,-47.5921,-46.7187,-45.8768,-45.0646,-44.2806,-43.5234,-42.7916,-42.084,-41.3994,-40.7367,-40.0948,-39.4729,-38.8699,-38.285,-37.7175,-37.1665,-36.6313,-36.1114,-35.606,-35.1145,-34.6364,-34.1711,-33.7182,-33.2771,-32.8474,-32.1281,-31.1966,-30.2362,-29.2454,-28.2228,-27.167,-26.0762,-24.9487,-23.7826,-22.5759,-21.3264,-20.0318,-18.6896,-17.2973,-15.8518,-14.3501,-12.7888,-11.1644,-9.47293,-7.71017,-5.87149,-3.95019,-1.94416,0.000946013,0.000994495,0.001052,1.66713,3.68487,5.61676,7.46563,9.23786,10.9381,12.5707,14.1395,15.6483,17.1004,18.4989,19.8468,21.1468,22.4013,23.6127,24.7833,25.9149,27.0096,28.0691,29.0951,30.0891,31.0526,31.987,32.7813,33.2086,33.6472,34.0974,34.5598,35.035,35.5233,
-1.56, -50,-50,-50,-50,-50,-50,-50,-50,-50,-50,-50,-50,-50,-50,-50,-50,-49.7597,-48.8059,-47.8879,-47.0038,-46.1516,-45.3298,-44.5367,-43.7709,-43.0308,-42.3154,-41.6233,-40.9535,-40.3049,-39.6764,-39.0673,-38.4765,-37.9033,-37.347,-36.8067,-36.2818,-35.7716,-35.2756,-34.7931,-34.3237,-33.8667,-33.4217,-32.9883,-32.4303,-31.508,-30.5573,-29.5767,-28.5648,-27.5202,-26.4411,-25.326,-24.1728,-22.9798,-21.7447,-20.4653,-19.1391,-17.7636,-16.336,-14.8532,-13.312,-11.7089,-10.04,-8.30127,-6.48819,-4.59439,-2.61749,-0.5503,0.000871958,0.000922195,0.97985,3.02783,4.98659,6.86318,8.66028,10.3839,12.0384,13.628,15.1562,16.6268,18.0427,19.4071,20.7226,21.9919,23.2174,24.4013,25.5456,26.6523,27.7233,28.7602,29.7646,30.7381,31.682,32.5977,33.0665,33.5014,33.9477,34.4061,34.877,35.3609,35.8585,
-1.5, -50,-50,-50,-50,-50,-50,-50,-50,-50,-50,-50,-50,-50,-50,-50,-50,-49.1169,-48.1874,-47.2923,-46.4298,-45.5982,-44.7958,-44.0211,-43.2727,-42.5493,-41.8496,-41.1726,-40.5171,-39.8821,-39.2667,-38.6699,-38.091,-37.5292,-36.9837,-36.4538,-35.9388,-35.4382,-34.9513,-34.4776,-34.0166,-33.5677,-33.1305,-32.7045,-31.8163,-30.8751,-29.9046,-28.9032,-27.8696,-26.8021,-25.6991,-24.5587,-23.3791,-22.1581,-20.8936,-19.5832,-18.2243,-16.8143,-15.35,-13.8285,-12.2462,-10.5995,-8.88433,-7.0963,-5.23072,-3.28103,-1.24432,0.000759572,0.000806176,0.282051,2.36094,4.34861,6.25211,8.07458,9.82203,11.499,13.1096,14.6578,16.1471,17.5808,18.9619,20.2934,21.5777,22.8175,24.0149,25.1721,26.291,27.3737,28.4217,29.4367,30.4203,31.3738,32.2987,32.9257,33.3568,33.7993,34.2537,34.7204,35.2001,35.6931,36.2,
-1.44, -50,-50,-50,-50,-50,-50,-50,-50,-50,-50,-50,-50,-50,-50,-50,-49.4319,-48.4906,-47.5843,-46.7113,-45.8697,-45.0578,-44.2742,-43.5173,-42.7857,-42.0784,-41.394,-40.7315,-40.0899,-39.4681,-38.8653,-38.2806,-37.7132,-37.1624,-36.6274,-36.1076,-35.6023,-35.1109,-34.6329,-34.1677,-33.7149,-33.2739,-32.8443,-32.1215,-31.1898,-30.2291,-29.2381,-28.2153,-27.1593,-26.0682,-24.9404,-23.7739,-22.5669,-21.317,-20.022,-18.6795,-17.2866,-15.8406,-14.3384,-12.7766,-11.1516,-9.45948,-7.69601,-5.85658,-3.93499,-1.92808,0.000660816,0.000700023,0.000745604,1.68399,3.70121,5.63222,7.48062,9.2524,10.9522,12.5844,14.1529,15.6613,17.1131,18.5113,19.8589,21.1586,22.4129,23.624,24.7943,25.9258,27.0202,28.0795,29.1053,30.0991,31.0625,31.9967,32.7859,33.2134,33.6521,34.1026,34.5652,35.0406,35.5291,36.0315,36.5482,
-1.38, -50,-50,-50,-50,-50,-50,-50,-50,-50,-50,-50,-50,-50,-50,-49.7509,-48.7975,-47.8799,-46.9962,-46.1444,-45.3229,-44.5301,-43.7645,-43.0248,-42.3096,-41.6178,-40.9482,-40.2998,-39.6716,-39.0626,-38.472,-37.899,-37.3428,-36.8026,-36.2779,-35.7678,-35.272,-34.7896,-34.3203,-33.8634,-33.4185,-32.9852,-32.4236,-31.5012,-30.5503,-29.5695,-28.5574,-27.5125,-26.4332,-25.3178,-24.1643,-22.9709,-21.7355,-20.4557,-19.1291,-17.7532,-16.3251,-14.8418,-13.3001,-11.6964,-10.0269,-8.28747,-6.47366,-4.57956,-2.60183,-0.533723,0.000603333,0.000642905,0.996761,3.04419,5.00332,6.8782,8.67484,10.398,12.0521,13.6413,15.1692,16.6394,18.0551,19.4191,20.7344,22.0035,23.2287,24.4123,25.5564,26.6629,27.7337,28.7704,29.7746,30.7479,31.6917,32.6072,33.0712,33.5062,33.9528,34.4114,34.8825,35.3667,35.8644,36.3764,36.9031,
-1.32, -50,-50,-50,-50,-50,-50,-50,-50,-50,-50,-50,-50,-50,-50,-49.1084,-48.1792,-47.2845,-46.4224,-45.5911,-44.789,-44.0146,-43.2665,-42.5434,-41.844,-41.1672,-40.5119,-39.8771,-39.2619,-38.6653,-38.0866,-37.5249,-36.9796,-36.4498,-35.935,-35.4345,-34.9477,-34.4741,-34.0132,-33.5644,-33.1273,-32.7015,-31.8096,-30.8682,-29.8975,-28.8959,-27.8621,-26.7943,-25.691,-24.5504,-23.3704,-22.1491,-20.8842,-19.5734,-18.2141,-16.8036,-15.3389,-13.8169,-12.234,-10.5867,-8.87086,-7.08214,-5.2158,-3.26575,-1.22816,0.000515697,0.000552011,0.299021,2.37734,4.3645,6.26717,8.08918,9.83618,11.5127,13.123,14.6708,16.1598,17.5931,18.974,20.3051,21.5892,22.8287,24.0259,25.1828,26.3016,27.384,28.4318,29.4467,30.4301,31.3835,32.3082,32.9303,33.3616,33.8043,34.2589,34.7258,35.2056,35.6989,36.2061,36.7279,37.2649,
-1.26, -50,-50,-50,-50,-50,-50,-50,-50,-50,-50,-50,-50,-50,-49.4231,-48.4822,-47.5763,-46.7037,-45.8624,-45.0509,-44.2676,-43.5109,-42.7797,-42.0726,-41.3885,-40.7262,-40.0848,-39.4632,-38.8606,-38.2761,-37.7089,-37.1582,-36.6233,-36.1037,-35.5985,-35.1073,-34.6294,-34.1643,-33.7116,-33.2707,-32.8412,-32.1148,-31.1829,-30.222,-29.2308,-28.2078,-27.1515,-26.0602,-24.9321,-23.7654,-22.558,-21.3077,-20.0124,-18.6694,-17.2762,-15.8297,-14.327,-12.7647,-11.1391,-9.44633,-7.68219,-5.84204,-3.92008,-1.91234,0.000439219,0.000469882,0.000504834,1.70044,3.71713,5.64733,7.49525,9.26658,10.966,12.5978,14.1659,15.674,17.1254,18.5233,19.8707,21.1701,22.4241,23.635,24.8051,25.9363,27.0306,28.0896,29.1152,30.1089,31.0721,32.0062,32.7904,33.2181,33.657,34.1076,34.5705,35.046,35.5348,36.0374,36.5543,37.0863,37.6339,
-1.2, -50,-50,-50,-50,-50,-50,-50,-50,-50,-50,-50,-50,-49.7418,-48.7889,-47.8717,-46.9884,-46.137,-45.3158,-44.5234,-43.7581,-43.0187,-42.3037,-41.6122,-40.9428,-40.2946,-39.6666,-39.0578,-38.4674,-37.8946,-37.3385,-36.7985,-36.2739,-35.764,-35.2683,-34.786,-34.3168,-33.8601,-33.4153,-32.9821,-32.417,-31.4944,-30.5433,-29.5623,-28.55,-27.5049,-26.4253,-25.3096,-24.1559,-22.9622,-21.7264,-20.4462,-19.1193,-17.7429,-16.3144,-14.8307,-13.2884,-11.6841,-10.014,-8.27398,-6.45948,-4.565,-2.58646,-0.517487,0.000396103,0.000426198,1.01326,3.06015,5.0185,6.89288,8.68906,10.4118,12.0655,13.6543,15.1819,16.6518,18.0671,19.4309,20.7459,22.0147,23.2396,24.423,25.5669,26.6732,27.7438,28.7803,29.7844,30.7575,31.7011,32.6164,33.0758,33.511,33.9577,34.4165,34.8878,35.3722,35.8702,36.3824,36.9093,37.4518,38.0103,
-1.14, -50,-50,-50,-50,-50,-50,-50,-50,-50,-50,-50,-50,-49.0995,-48.1708,-47.2765,-46.4148,-45.5838,-44.7821,-44.008,-43.2602,-42.5374,-41.8382,-41.1617,-40.5066,-39.872,-39.257,-38.6606,-38.0821,-37.5206,-36.9754,-36.4458,-35.9311,-35.4307,-34.9441,-34.4706,-34.0098,-33.5612,-33.1242,-32.6984,-31.8028,-30.8612,-29.8903,-28.8885,-27.8545,-26.7865,-25.683,-24.542,-23.3618,-22.1402,-20.8749,-19.5637,-18.204,-16.7931,-15.3279,-13.8054,-12.222,-10.5741,-8.85768,-7.06829,-5.20123,-3.25075,-1.21233,0.000330254,0.000357484,0.31559,2.39335,4.37998,6.2819,8.10344,9.85001,11.5261,13.136,14.6835,16.1721,17.6052,18.9857,20.3166,21.6004,22.8397,24.0366,25.1933,26.3119,27.3941,28.4417,29.4564,30.4396,31.3928,32.3174,32.9347,33.3662,33.8091,34.2639,34.731,35.211,35.7045,36.212,36.734,37.2713,37.8245,38.3943,
-1.08, -50,-50,-50,-50,-50,-50,-50,-50,-50,-50,-50,-49.414,-48.4735,-47.5681,-46.6959,-45.855,-45.0438,-44.2608,-43.5045,-42.7735,-42.0667,-41.3828,-40.7208,-40.0796,-39.4582,-38.8558,-38.2715,-37.7044,-37.1539,-36.6192,-36.0997,-35.5947,-35.1036,-34.6258,-34.1609,-33.7083,-33.2675,-32.838,-32.108,-31.176,-30.2149,-29.2235,-28.2003,-27.1438,-26.0522,-24.9239,-23.7569,-22.5492,-21.2986,-20.0029,-18.6595,-17.2658,-15.819,-14.3158,-12.7529,-11.1268,-9.43345,-7.66866,-5.82782,-3.90542,-1.89688,0.000273435,0.000296406,0.000322086,1.71651,3.73266,5.66212,7.50956,9.28044,10.9794,12.6108,14.1786,15.6863,17.1374,18.5351,19.8821,21.1812,22.435,23.6457,24.8155,25.9465,27.0406,28.0995,29.1249,30.1184,31.0814,32.0153,32.7948,33.2226,33.6617,34.1125,34.5756,35.0513,35.5403,36.0431,36.5603,37.0925,37.6404,38.2047,38.7861,
-1.02, -50,-50,-50,-50,-50,-50,-50,-50,-50,-50,-49.7325,-48.78,-47.8633,-46.9804,-46.1293,-45.3085,-44.5164,-43.7515,-43.0123,-42.2977,-41.6064,-40.9373,-40.2893,-39.6615,-39.0529,-38.4627,-37.8901,-37.3342,-36.7944,-36.2699,-35.7602,-35.2645,-34.7824,-34.3133,-33.8567,-33.412,-32.9789,-32.4103,-31.4875,-30.5362,-29.555,-28.5425,-27.4972,-26.4174,-25.3015,-24.1475,-22.9535,-21.7174,-20.4368,-19.1095,-17.7328,-16.3038,-14.8196,-13.2769,-11.6721,-10.0014,-8.26076,-6.44558,-4.55066,-2.57136,-0.501551,0.000242536,0.000264387,1.02941,3.07574,5.03336,6.90725,8.70296,10.4253,12.0786,13.667,15.1943,16.6638,18.0788,19.4423,20.757,22.0256,23.2503,24.4335,25.5771,26.6832,27.7536,28.7899,29.7938,30.7668,31.7102,32.6254,33.0802,33.5156,33.9625,34.4215,34.893,35.3776,35.8758,36.3882,36.9154,37.4581,38.0169,38.5926,39.186,
-0.960002, -50,-50,-50,-50,-50,-50,-50,-50,-50,-50,-49.0904,-48.1621,-47.2683,-46.4069,-45.5764,-44.775,-44.0012,-43.2537,-42.5311,-41.8323,-41.156,-40.5012,-39.8668,-39.252,-38.6558,-38.0775,-37.5162,-36.9711,-36.4417,-35.9272,-35.4269,-34.9404,-34.4671,-34.0064,-33.5578,-33.1209,-32.6953,-31.7959,-30.8542,-29.8831,-28.8811,-27.8468,-26.7786,-25.6749,-24.5337,-23.3532,-22.1312,-20.8657,-19.5541,-18.1941,-16.7827,-15.3171,-13.7941,-12.2102,-10.5618,-8.84474,-7.05471,-5.18696,-3.23598,-1.19676,0.000195444,0.000214842,0.331818,2.409,4.39511,6.29634,8.11739,9.86352,11.5392,13.1487,14.6959,16.1841,17.6169,18.9971,20.3277,21.6113,22.8503,24.047,25.2035,26.3219,27.4039,28.4513,29.4658,30.4489,31.4019,32.3264,32.939,33.3707,33.8137,34.2687,34.736,35.2163,35.71,36.2176,36.7399,37.2775,37.8309,38.401,38.9885,39.5942,
-0.900002, -50,-50,-50,-50,-50,-50,-50,-50,-50,-49.4046,-48.4646,-47.5596,-46.6878,-45.8473,-45.0365,-44.2538,-43.4978,-42.7672,-42.0606,-41.377,-40.7152,-40.0743,-39.4531,-38.8509,-38.2668,-37.6999,-37.1496,-36.6151,-36.0957,-35.5908,-35.0998,-34.6222,-34.1574,-33.7049,-33.2642,-32.8349,-32.1012,-31.169,-30.2077,-29.2162,-28.1927,-27.136,-26.0442,-24.9156,-23.7483,-22.5403,-21.2895,-19.9934,-18.6497,-17.2556,-15.8083,-14.3047,-12.7413,-11.1147,-9.42076,-7.65537,-5.81386,-3.89096,-1.88166,0.000155542,0.000171778,0.000189586,1.73224,3.74785,5.67663,7.52358,9.29401,10.9926,12.6236,14.191,15.6984,17.1492,18.5465,19.8932,21.1921,22.4456,23.6561,24.8257,25.9565,27.0504,28.1091,29.1343,30.1276,31.0905,32.0243,32.799,33.227,33.6662,34.1173,34.5805,35.0564,35.5456,36.0487,36.5661,37.0985,37.6467,38.2113,38.793,39.3926,40.0111,
-0.840002, -50,-50,-50,-50,-50,-50,-50,-50,-49.7228,-48.7709,-47.8546,-46.9721,-46.1214,-45.301,-44.5093,-43.7446,-43.0058,-42.2914,-41.6004,-40.9315,-40.2838,-39.6563,-39.0479,-38.4579,-37.8854,-37.3297,-36.7901,-36.2658,-35.7562,-35.2607,-34.7788,-34.3098,-33.8533,-33.4087,-32.9757,-32.4035,-31.4805,-30.5291,-29.5477,-28.535,-27.4895,-26.4094,-25.2932,-24.139,-22.9447,-21.7083,-20.4275,-19.0998,-17.7227,-16.2934,-14.8087,-13.2655,-11.6602,-9.989,-8.24774,-6.43193,-4.5365,-2.55647,-0.485866,0.000134757,0.000149638,1.04523,3.091,5.04795,6.92134,8.71658,10.4385,12.0914,13.6794,15.2063,16.6755,18.0903,19.4535,20.7679,22.0362,23.2607,24.4436,25.587,26.6929,27.7631,28.7993,29.803,30.7758,31.7191,32.6341,33.0845,33.52,33.9671,34.4263,34.898,35.3828,35.8812,36.3938,36.9213,37.4642,38.0233,38.5993,39.193,39.8052,40.4367,
-0.780002, -50,-50,-50,-50,-50,-50,-50,-50,-49.0809,-48.1532,-47.2597,-46.3988,-45.5687,-44.7676,-43.9942,-43.247,-42.5248,-41.8262,-41.1501,-40.4956,-39.8615,-39.2469,-38.6509,-38.0728,-37.5116,-36.9668,-36.4375,-35.9231,-35.423,-34.9367,-34.4635,-34.0029,-33.5545,-33.1177,-32.6921,-31.789,-30.8471,-29.8758,-28.8736,-27.8391,-26.7707,-25.6667,-24.5253,-23.3445,-22.1223,-20.8564,-19.5446,-18.1841,-16.7724,-15.3064,-13.7829,-12.1985,-10.5496,-8.83197,-7.04134,-5.17293,-3.2214,-1.18142,0.00010334,0.000116194,0.347745,2.42435,4.40992,6.31049,8.13108,9.87677,11.5521,13.1612,14.7079,16.1959,17.6283,19.0083,20.3386,21.6219,22.8607,24.0571,25.2134,26.3316,27.4134,28.4606,29.475,30.4578,31.4108,32.335,32.9432,33.375,33.8182,34.2734,34.7409,35.2214,35.7153,36.2232,36.7457,37.2835,37.8372,38.4075,38.9953,39.6013,40.2265,40.8716,
-0.720002, -50,-50,-50,-50,-50,-50,-50,-49.3949,-48.4554,-47.5509,-46.6795,-45.8394,-45.029,-44.2466,-43.491,-42.7606,-42.0544,-41.371,-40.7095,-40.0688,-39.4479,-38.8459,-38.2619,-37.6953,-37.1451,-36.6108,-36.0916,-35.5868,-35.096,-34.6185,-34.1539,-33.7015,-33.2609,-32.8317,-32.0943,-31.1619,-30.2005,-29.2087,-28.1851,-27.1281,-26.0361,-24.9073,-23.7397,-22.5315,-21.2803,-19.984,-18.6399,-17.2455,-15.7977,-14.2937,-12.7298,-11.1027,-9.40824,-7.64226,-5.80012,-3.87667,-1.86664,7.74949e-05,8.80534e-05,9.9419e-05,1.74768,3.76273,5.69087,7.53733,9.30731,11.0055,12.6361,14.2031,15.7101,17.1606,18.5576,19.9041,21.2027,22.456,23.6662,24.8356,25.9662,27.0598,28.1184,29.1434,30.1366,31.0993,32.0329,32.8031,33.2312,33.6706,34.1218,34.5853,35.0614,35.5508,36.054,36.5717,37.1044,37.6528,38.2176,38.7996,39.3996,40.0183,40.6567,41.3158,
-0.660002, -50,-50,-50,-50,-50,-50,-49.7129,-48.7614,-47.8456,-46.9635,-46.1133,-45.2933,-44.5019,-43.7376,-42.9991,-42.285,-41.5943,-40.9257,-40.2782,-39.6509,-39.0428,-38.453,-37.8807,-37.3252,-36.7857,-36.2616,-35.7522,-35.2568,-34.775,-34.3062,-33.8498,-33.4053,-32.9724,-32.3966,-31.4735,-30.5218,-29.5403,-28.5274,-27.4816,-26.4014,-25.285,-24.1305,-22.9359,-21.6992,-20.4181,-19.0901,-17.7127,-16.2829,-14.7979,-13.2542,-11.6484,-9.97669,-8.23487,-6.41846,-4.52248,-2.54175,-0.470389,6.47723e-05,7.39894e-05,1.06078,3.10597,5.06228,6.93517,8.72995,10.4514,12.1039,13.6916,15.2181,16.687,18.1014,19.4643,20.7785,22.0465,23.2708,24.4535,25.5967,26.7024,27.7724,28.8084,29.8119,30.7846,31.7277,32.6426,33.0886,33.5243,33.9716,34.4309,34.9028,35.3878,35.8865,36.3993,36.927,37.4702,38.0295,38.6058,39.1998,39.8122,40.4441,41.0963,41.7699,
-0.600002, -50,-50,-50,-50,-50,-50,-49.0712,-48.1439,-47.251,-46.3905,-45.5607,-44.76,-43.987,-43.2401,-42.5182,-41.8199,-41.1441,-40.4898,-39.856,-39.2416,-38.6459,-38.0679,-37.507,-36.9623,-36.4332,-35.919,-35.4191,-34.9329,-34.4598,-33.9993,-33.551,-33.1144,-32.6889,-31.7819,-30.8399,-29.8684,-28.866,-27.8314,-26.7627,-25.6585,-24.5168,-23.3358,-22.1133,-20.8471,-19.535,-18.1742,-16.7621,-15.2957,-13.7718,-12.187,-10.5375,-8.81933,-7.02812,-5.15908,-3.20697,-1.16626,4.5903e-05,5.35309e-05,0.363415,2.43943,4.42444,6.32442,8.14452,9.88976,11.5647,13.1734,14.7198,16.2074,17.6395,19.0192,20.3492,21.6323,22.8708,24.067,25.2231,26.341,27.4226,28.4697,29.4838,30.4666,31.4193,32.3435,32.9472,33.3792,33.8226,34.2779,34.7457,35.2263,35.7204,36.2285,36.7512,37.2893,37.8432,38.4139,39.0019,39.6082,40.2337,40.8791,41.5455,42.234,
-0.540002, -50,-50,-50,-50,-50,-49.3849,-48.4459,-47.5419,-46.6709,-45.8312,-45.0212,-44.2392,-43.4839,-42.7539,-42.0479,-41.3649,-40.7036,-40.0631,-39.4425,-38.8407,-38.257,-37.6905,-37.1406,-36.6064,-36.0873,-35.5828,-35.0921,-34.6148,-34.1502,-33.698,-33.2575,-32.8284,-32.0872,-31.1547,-30.1931,-29.2011,-28.1773,-27.1202,-26.0279,-24.8988,-23.7311,-22.5225,-21.2711,-19.9744,-18.6301,-17.2353,-15.7872,-14.2827,-12.7184,-11.0908,-9.39581,-7.62928,-5.78653,-3.86251,-1.85177,3.11563e-05,3.71815e-05,4.35476e-05,1.76288,3.77736,5.70489,7.55086,9.32038,11.0181,12.6483,14.2149,15.7217,17.1718,18.5685,19.9147,21.2131,22.4661,23.6761,24.8453,25.9756,27.0691,28.1274,29.1523,30.1453,31.1078,32.0413,32.807,33.2353,33.6749,34.1263,34.5899,35.0662,35.5558,36.0593,36.5771,37.1101,37.6587,38.2238,38.806,39.4063,40.0253,40.6641,41.3235,42.0046,42.7085,
-0.480002, -50,-50,-50,-50,-49.7026,-48.7517,-47.8363,-46.9547,-46.1049,-45.2853,-44.4943,-43.7303,-42.9921,-42.2784,-41.5879,-40.9196,-40.2724,-39.6453,-39.0375,-38.4479,-37.8758,-37.3205,-36.7812,-36.2573,-35.748,-35.2528,-34.7712,-34.3025,-33.8462,-33.4019,-32.9691,-32.3895,-31.4663,-30.5145,-29.5327,-28.5197,-27.4737,-26.3933,-25.2766,-24.1219,-22.9271,-21.6901,-20.4087,-19.0804,-17.7026,-16.2725,-14.787,-13.2429,-11.6367,-9.96447,-8.2221,-6.40511,-4.50856,-2.52716,-0.45507,2.44904e-05,2.9378e-05,1.0761,3.12071,5.07641,6.94879,8.74309,10.4641,12.1162,13.7035,15.2297,16.6982,18.1123,19.475,20.7889,22.0566,23.2806,24.4631,25.6061,26.7116,27.7814,28.8172,29.8206,30.7931,31.736,32.6508,33.0926,33.5285,33.9759,34.4354,34.9075,35.3927,35.8915,36.4046,36.9325,37.4759,38.0355,38.6121,39.2063,39.8191,40.4513,41.1038,41.7777,42.474,43.1939,
-0.420002, -50,-50,-50,-50,-49.0612,-48.1344,-47.2419,-46.3819,-45.5525,-44.7522,-43.9795,-43.233,-42.5114,-41.8134,-41.1379,-40.4839,-39.8503,-39.2362,-38.6407,-38.0629,-37.5022,-36.9577,-36.4288,-35.9147,-35.415,-34.9289,-34.456,-33.9957,-33.5475,-33.111,-32.6856,-31.7747,-30.8325,-29.8609,-28.8583,-27.8235,-26.7546,-25.6502,-24.5083,-23.327,-22.1042,-20.8378,-19.5253,-18.1642,-16.7517,-15.2849,-13.7607,-12.1754,-10.5254,-8.80678,-7.01499,-5.14535,-3.19264,-1.15123,1.50048e-05,1.87505e-05,0.378879,2.45428,4.43874,6.33813,8.15775,9.90254,11.577,13.1853,14.7314,16.2186,17.6504,19.0298,20.3596,21.6424,22.8806,24.0766,25.2325,26.3502,27.4317,28.4785,29.4925,30.4751,31.4277,32.3517,32.9511,33.3833,33.8268,34.2823,34.7502,35.2311,35.7253,36.2337,36.7566,37.2949,37.8491,38.42,39.0083,39.6149,40.2406,40.8864,41.5532,42.242,42.954,43.6903,
-0.360002, -50,-50,-50,-49.3747,-48.4361,-47.5326,-46.6621,-45.8228,-45.0131,-44.2315,-43.4766,-42.7469,-42.0413,-41.3585,-40.6975,-40.0573,-39.4369,-38.8354,-38.2519,-37.6856,-37.1359,-36.6019,-36.083,-35.5786,-35.0881,-34.6109,-34.1465,-33.6944,-33.2541,-32.8251,-32.08,-31.1473,-30.1856,-29.1934,-28.1695,-27.1121,-26.0196,-24.8903,-23.7223,-22.5135,-21.2618,-19.9649,-18.6202,-17.225,-15.7766,-14.2717,-12.707,-11.0789,-9.38344,-7.61637,-5.77304,-3.84842,-1.83701,8.3115e-06,1.10239e-05,1.38375e-05,1.77787,3.79177,5.71872,7.56418,9.33323,11.0305,12.6603,14.2266,15.733,17.1828,18.5792,19.9251,21.2232,22.4759,23.6857,24.8546,25.9848,27.0781,28.1362,29.1609,30.1537,31.1161,32.0494,32.8108,33.2393,33.679,34.1306,34.5943,35.0708,35.5607,36.0643,36.5824,37.1155,37.6644,38.2298,38.8123,39.4128,40.0321,40.6712,41.331,42.0124,42.7167,43.4449,44.1984,
-0.300002, -50,-50,-49.692,-48.7416,-47.8268,-46.9456,-46.0963,-45.2771,-44.4864,-43.7228,-42.985,-42.2716,-41.5814,-40.9134,-40.2665,-39.6396,-39.032,-38.4427,-37.8708,-37.3157,-36.7766,-36.2528,-35.7437,-35.2487,-34.7672,-34.2987,-33.8425,-33.3984,-32.9657,-32.3823,-31.4589,-30.5069,-29.525,-28.5118,-27.4657,-26.385,-25.2681,-24.1132,-22.9181,-21.6809,-20.3992,-19.0706,-17.6924,-16.262,-14.7761,-13.2316,-11.625,-9.95226,-8.20939,-6.39183,-4.4947,-2.51265,-0.439857,5.74294e-06,7.65552e-06,1.09125,3.13525,5.09036,6.96222,8.75605,10.4766,12.1283,13.7152,15.241,16.7092,18.123,19.4854,20.799,22.0665,23.2903,24.4725,25.6153,26.7206,27.7902,28.8258,29.829,30.8014,31.7442,32.6588,33.0965,33.5325,33.9801,34.4398,34.9121,35.3974,35.8965,36.4097,36.9379,37.4815,38.0414,38.6181,39.2127,39.8257,40.4582,41.1111,41.7853,42.482,43.2022,43.9472,44.7183,
-0.240002, -50,-50,-49.0509,-48.1246,-47.2326,-46.373,-45.544,-44.7442,-43.9718,-43.2257,-42.5044,-41.8067,-41.1315,-40.4778,-39.8444,-39.2306,-38.6353,-38.0578,-37.4973,-36.953,-36.4242,-35.9104,-35.4108,-34.9249,-34.4521,-33.992,-33.5439,-33.1075,-32.6816,-31.7674,-30.825,-29.8532,-28.8505,-27.8154,-26.7464,-25.6417,-24.4996,-23.3181,-22.095,-20.8283,-19.5155,-18.1541,-16.7413,-15.2742,-13.7495,-12.1638,-10.5134,-8.79423,-7.00192,-5.13169,-3.17836,-1.13627,2.45072e-06,3.67549e-06,0.394188,2.46897,4.45285,6.35168,8.1708,9.91513,11.5892,13.1971,14.7428,16.2297,17.6612,19.0402,20.3697,21.6522,22.8903,24.086,25.2417,26.3592,27.4404,28.4871,29.5009,30.4833,31.4358,32.3596,32.9549,33.3872,33.8309,34.2866,34.7547,35.2357,35.7302,36.2387,36.7619,37.3003,37.8548,38.4259,39.0145,39.6214,40.2474,40.8935,41.5606,42.2497,42.9621,43.6988,44.4612,45.2507,
-0.180002, -50,-49.364,-48.4261,-47.523,-46.6529,-45.8141,-45.0049,-44.2236,-43.469,-42.7397,-42.0344,-41.352,-40.6913,-40.0513,-39.4312,-38.8299,-38.2466,-37.6806,-37.131,-36.5972,-36.0786,-35.5743,-35.084,-34.607,-34.1427,-33.6907,-33.2505,-32.8217,-32.0727,-31.1398,-30.1779,-29.1856,-28.1614,-27.1039,-26.0112,-24.8817,-23.7134,-22.5044,-21.2524,-19.9552,-18.6102,-17.2147,-15.7659,-14.2606,-12.6955,-11.067,-9.37105,-7.60346,-5.75958,-3.83436,-1.82231,6.92707e-07,1.37854e-06,2.07701e-06,1.79271,3.80602,5.73239,7.57735,9.34593,11.0428,12.6722,14.238,15.7441,17.1935,18.5897,19.9353,21.2331,22.4856,23.6951,24.8638,25.9938,27.0868,28.1448,29.1693,30.162,31.1242,32.0574,32.8145,33.2431,33.683,34.1347,34.5987,35.0754,35.5653,36.0692,36.5875,37.1209,37.67,38.2355,38.8183,39.4191,40.0387,40.6781,41.3382,42.02,42.7246,43.4532,44.207,44.9874,45.7958,
-0.120002, -49.6811,-48.7312,-47.8169,-46.9362,-46.0873,-45.2686,-44.4783,-43.7151,-42.9776,-42.2645,-41.5747,-40.907,-40.2603,-39.6338,-39.0264,-38.4373,-37.8656,-37.3108,-36.7719,-36.2483,-35.7394,-35.2445,-34.7632,-34.2948,-33.8388,-33.3948,-32.9622,-32.375,-31.4514,-30.4993,-29.5172,-28.5038,-27.4575,-26.3766,-25.2595,-24.1043,-22.909,-21.6715,-20.3895,-19.0606,-17.6822,-16.2514,-14.7652,-13.2203,-11.6132,-9.94001,-8.19665,-6.37856,-4.48085,-2.49817,-0.424698,3.06372e-07,6.12689e-07,1.10626,3.14965,5.10417,6.9755,8.76884,10.489,12.1402,13.7267,15.2522,16.72,18.1335,19.4955,20.8089,22.0762,23.2997,24.4817,25.6243,26.7294,27.7988,28.8342,29.8373,30.8094,31.7521,32.6666,33.1003,33.5364,33.9842,34.444,34.9165,35.402,35.9012,36.4147,36.9431,37.4869,38.047,38.624,39.2188,39.8321,40.4649,41.1181,41.7926,42.4897,43.2103,43.9557,44.7272,45.5262,46.3543,
-0.0600019, -49.0402,-48.1145,-47.2229,-46.3638,-45.5353,-44.7358,-43.9639,-43.2181,-42.4972,-41.7998,-41.1249,-40.4715,-39.8384,-39.2248,-38.6298,-38.0525,-37.4922,-36.9481,-36.4196,-35.9059,-35.4065,-34.9208,-34.4482,-33.9881,-33.5402,-33.104,-32.6742,-31.7599,-30.8173,-29.8454,-28.8425,-27.8072,-26.738,-25.6331,-24.4908,-23.309,-22.0857,-20.8187,-19.5057,-18.1439,-16.7308,-15.2633,-13.7382,-12.1521,-10.5013,-8.78164,-6.98881,-5.11803,-3.1641,-1.12135,-1.11438e-12,7.65954e-08,0.409394,2.48353,4.46682,6.3651,8.18371,9.92757,11.6012,13.2087,14.754,16.2406,17.6717,19.0505,20.3797,21.6619,22.8997,24.0952,25.2506,26.368,27.449,28.4955,29.5091,30.4914,31.4437,32.3674,32.9586,33.391,33.8349,34.2907,34.759,35.2402,35.7348,36.2435,36.7669,37.3056,37.8603,38.4317,39.0205,39.6276,40.2539,40.9003,41.5677,42.2572,42.9699,43.7071,44.4699,45.2597,46.0781,46.9265,
-1.85519e-06, -48.4156,-47.5131,-46.6435,-45.8051,-44.9963,-44.2155,-43.4613,-42.7323,-42.0273,-41.3452,-40.6848,-40.0451,-39.4252,-38.8242,-38.2412,-37.6754,-37.126,-36.5925,-36.074,-35.5699,-35.0798,-34.6029,-34.1388,-33.687,-33.2469,-32.8182,-32.0652,-31.1321,-30.1701,-29.1776,-28.1533,-27.0955,-26.0026,-24.8729,-23.7044,-22.4951,-21.2429,-19.9453,-18.6,-17.2042,-15.7551,-14.2494,-12.684,-11.055,-9.3586,-7.59051,-5.74609,-3.82029,-1.8076,-7.35743e-17,-1.06533e-21,7.35721e-17,1.80746,3.82015,5.74596,7.59038,9.35848,11.0549,12.6838,14.2493,15.755,17.2041,18.5999,19.9453,21.2428,22.495,23.7043,24.8728,26.0025,27.0954,28.1532,29.1775,30.17,31.1321,32.0651,32.8181,33.2469,33.6869,34.1388,34.6029,35.0797,35.5699,36.0739,36.5924,37.126,37.6753,38.2411,38.8242,39.4252,40.0451,40.6848,41.3451,42.0273,42.7323,43.4612,44.2154,44.9963,45.8051,46.6434,47.513,
0.0599981, -47.8068,-46.9266,-46.0781,-45.2598,-44.4699,-43.7071,-42.97,-42.2573,-41.5678,-40.9004,-40.254,-39.6277,-39.0205,-38.4317,-37.8603,-37.3056,-36.767,-36.2436,-35.7348,-35.2402,-34.759,-34.2908,-33.8349,-33.391,-32.9586,-32.3674,-31.4437,-30.4914,-29.5092,-28.4956,-27.4491,-26.368,-25.2507,-24.0953,-22.8998,-21.662,-20.3798,-19.0506,-17.6718,-16.2407,-14.7541,-13.2088,-11.6013,-9.92769,-8.18384,-6.36523,-4.46696,-2.48368,-0.409543,-7.65882e-08,-1.11424e-12,1.12121,3.16396,5.11789,6.98868,8.78151,10.5012,12.152,13.7381,15.2632,16.7307,18.1438,19.5056,20.8187,22.0856,23.3089,24.4907,25.6331,26.7379,27.8072,28.8424,29.8453,30.8173,31.7598,32.6741,33.1039,33.5402,33.9881,34.4481,34.9207,35.4065,35.9059,36.4195,36.9481,37.4922,38.0525,38.6297,39.2248,39.8384,40.4714,41.1249,41.7998,42.4971,43.2181,43.9639,44.7358,45.5352,46.3637,47.2229,48.1144,
0.119998, -47.213,-46.3543,-45.5263,-44.7272,-43.9557,-43.2103,-42.4897,-41.7927,-41.1181,-40.465,-39.8322,-39.2189,-38.6241,-38.047,-37.487,-36.9431,-36.4147,-35.9013,-35.4021,-34.9165,-34.444,-33.9842,-33.5364,-33.1003,-32.6666,-31.7521,-30.8095,-29.8373,-28.8343,-27.7989,-26.7294,-25.6244,-24.4818,-23.2998,-22.0762,-20.809,-19.4956,-18.1336,-16.7202,-15.2523,-13.7268,-12.1404,-10.4891,-8.76896,-6.97563,-5.10431,-3.14979,-1.10641,-6.1266e-07,-3.06362e-07,0.424549,2.49803,4.48071,6.37843,8.19652,9.9399,11.6131,13.2202,14.7651,16.2513,17.6821,19.0605,20.3894,21.6714,22.9089,24.1042,25.2594,26.3765,27.4574,28.5037,29.5171,30.4992,31.4513,32.3749,32.9622,33.3947,33.8388,34.2947,34.7631,35.2445,35.7393,36.2482,36.7718,37.3107,37.8656,38.4372,39.0263,39.6337,40.2603,40.9069,41.5747,42.2645,42.9776,43.715,44.4782,45.2685,46.0873,46.9362,47.8169,48.7312,
0.179998, -46.6338,-45.7959,-44.9875,-44.2071,-43.4533,-42.7246,-42.02,-41.3382,-40.6781,-40.0388,-39.4191,-38.8184,-38.2356,-37.67,-37.1209,-36.5875,-36.0692,-35.5654,-35.0754,-34.5987,-34.1348,-33.6831,-33.2432,-32.8146,-32.0574,-31.1243,-30.162,-29.1694,-28.1449,-27.0869,-25.9939,-24.8639,-23.6952,-22.4857,-21.2332,-19.9354,-18.5898,-17.1936,-15.7442,-14.2382,-12.6723,-11.0429,-9.34605,-7.57747,-5.73253,-3.80616,-1.79286,-2.07695e-06,-1.3785e-06,-6.92698e-07,1.82216,3.83422,5.75945,7.60333,9.37093,11.0669,12.6954,14.2605,15.7658,17.2146,18.6101,19.9551,21.2523,22.5043,23.7133,24.8816,26.0111,27.1038,28.1614,29.1855,30.1778,31.1397,32.0726,32.8216,33.2505,33.6907,34.1427,34.6069,35.084,35.5743,36.0785,36.5972,37.131,37.6805,38.2466,38.8298,39.4311,40.0513,40.6912,41.3519,42.0344,42.7397,43.469,44.2236,45.0048,45.814,46.6529,47.5229,48.426,49.364,
0.239998, -46.0686,-45.2507,-44.4613,-43.6989,-42.9621,-42.2498,-41.5606,-40.8935,-40.2474,-39.6214,-39.0146,-38.426,-37.8548,-37.3004,-36.7619,-36.2387,-35.7302,-35.2357,-34.7547,-34.2866,-33.831,-33.3872,-32.955,-32.3597,-31.4358,-30.4834,-29.501,-28.4872,-27.4405,-26.3593,-25.2418,-24.0861,-22.8903,-21.6523,-20.3698,-19.0403,-17.6613,-16.2298,-14.7429,-13.1972,-11.5893,-9.91525,-8.17093,-6.35181,-4.45299,-2.46911,-0.394337,-3.67541e-06,-2.45068e-06,1.13613,3.17822,5.13156,7.00179,8.7941,10.5133,12.1637,13.7494,15.2741,16.7412,18.154,19.5154,20.8282,22.0949,23.318,24.4995,25.6416,26.7463,27.8153,28.8504,29.8531,30.8249,31.7673,32.6815,33.1075,33.5439,33.9919,34.4521,34.9249,35.4108,35.9104,36.4242,36.9529,37.4972,38.0578,38.6353,39.2305,39.8444,40.4777,41.1315,41.8067,42.5043,43.2256,43.9718,44.7441,45.544,46.3729,47.2325,48.1245,49.0508,50,
0.299998, -45.517,-44.7184,-43.9473,-43.2022,-42.482,-41.7853,-41.1111,-40.4583,-39.8258,-39.2127,-38.6182,-38.0414,-37.4816,-36.9379,-36.4098,-35.8965,-35.3975,-34.9121,-34.4398,-33.9801,-33.5325,-33.0965,-32.6589,-31.7442,-30.8014,-29.8291,-28.8259,-27.7903,-26.7207,-25.6154,-24.4726,-23.2904,-22.0666,-20.7991,-19.4854,-18.1231,-16.7093,-15.2411,-13.7153,-12.1284,-10.4767,-8.75617,-6.96235,-5.09049,-3.13539,-1.0914,-7.65538e-06,-5.74285e-06,0.439707,2.51251,4.49456,6.3917,8.20926,9.95214,11.6248,13.2315,14.776,16.2619,17.6923,19.0705,20.3991,21.6808,22.918,24.1131,25.268,26.3849,27.4656,28.5117,29.525,30.5069,31.4589,32.3823,32.9657,33.3983,33.8425,34.2986,34.7672,35.2487,35.7437,36.2528,36.7766,37.3157,37.8708,38.4426,39.032,39.6396,40.2664,40.9134,41.5814,42.2715,42.9849,43.7228,44.4864,45.277,46.0962,46.9456,47.8267,48.7415,49.692,50,
0.359998, -44.9784,-44.1984,-43.445,-42.7167,-42.0125,-41.331,-40.6712,-40.0322,-39.4128,-38.8123,-38.2298,-37.6645,-37.1156,-36.5824,-36.0643,-35.5607,-35.0709,-34.5944,-34.1306,-33.6791,-33.2393,-32.8109,-32.0495,-31.1162,-30.1538,-29.161,-28.1363,-27.0781,-25.9849,-24.8547,-23.6858,-22.476,-21.2233,-19.9252,-18.5793,-17.1829,-15.7331,-14.2267,-12.6604,-11.0306,-9.33336,-7.56431,-5.71885,-3.79191,-1.77802,-1.38373e-05,-1.10238e-05,-8.3114e-06,1.83687,3.84828,5.7729,7.61624,9.38332,11.0788,12.7069,14.2716,15.7765,17.2249,18.6201,19.9648,21.2617,22.5134,23.7222,24.8903,26.0195,27.112,28.1694,29.1934,30.1855,31.1472,32.08,32.8251,33.254,33.6944,34.1465,34.6109,35.0881,35.5786,36.083,36.6018,37.1358,37.6856,38.2518,38.8353,39.4369,40.0573,40.6975,41.3585,42.0412,42.7469,43.4765,44.2315,45.0131,45.8227,46.662,47.5325,48.4361,49.3746,50,50,
0.419998, -44.4524,-43.6904,-42.954,-42.242,-41.5532,-40.8864,-40.2407,-39.615,-39.0084,-38.42,-37.8491,-37.2949,-36.7567,-36.2337,-35.7254,-35.2311,-34.7503,-34.2824,-33.8269,-33.3833,-32.9512,-32.3517,-31.4277,-30.4751,-29.4926,-28.4786,-27.4317,-26.3503,-25.2326,-24.0767,-22.8807,-21.6425,-20.3597,-19.0299,-17.6505,-16.2187,-14.7315,-13.1855,-11.5771,-9.90266,-8.15788,-6.33827,-4.43888,-2.45443,-0.379029,-1.87503e-05,-1.50046e-05,1.15108,3.1925,5.14522,7.01487,8.80665,10.5253,12.1753,13.7605,15.2848,16.7516,18.1641,19.5252,20.8377,22.1041,23.3269,24.5082,25.6501,26.7546,27.8234,28.8583,29.8608,30.8324,31.7746,32.6856,33.1109,33.5475,33.9957,34.456,34.9289,35.415,35.9147,36.4287,36.9577,37.5022,38.0629,38.6406,39.2361,39.8502,40.4838,41.1379,41.8134,42.5113,43.233,43.9795,44.7522,45.5524,46.3818,47.2419,48.1343,49.0611,50,50,50,
0.479998, -43.9386,-43.1939,-42.4741,-41.7778,-41.1039,-40.4513,-39.8191,-39.2064,-38.6121,-38.0356,-37.476,-36.9326,-36.4046,-35.8916,-35.3927,-34.9076,-34.4355,-33.9759,-33.5285,-33.0927,-32.6509,-31.7361,-30.7931,-29.8207,-28.8173,-27.7815,-26.7117,-25.6062,-24.4632,-23.2807,-22.0567,-20.789,-19.475,-18.1124,-16.6983,-15.2298,-13.7036,-12.1163,-10.4642,-8.74322,-6.94892,-5.07654,-3.12085,-1.07625,-2.93777e-05,-2.44902e-05,0.45492,2.52702,4.50843,6.40498,8.22198,9.96435,11.6366,13.2428,14.7869,16.2724,17.7025,19.0803,20.4086,21.69,22.927,24.1218,25.2765,26.3932,27.4736,28.5196,29.5327,30.5144,31.4662,32.3894,32.9691,33.4019,33.8462,34.3024,34.7711,35.2528,35.748,36.2572,36.7812,37.3205,37.8758,38.4478,39.0374,39.6453,40.2724,40.9196,41.5879,42.2784,42.9921,43.7303,44.4942,45.2852,46.1049,46.9547,47.8363,48.7516,49.7026,50,50,50,
0.539998, -43.4364,-42.7086,-42.0047,-41.3236,-40.6641,-40.0254,-39.4063,-38.8061,-38.2238,-37.6587,-37.1101,-36.5772,-36.0593,-35.5558,-35.0662,-34.5899,-34.1263,-33.6749,-33.2353,-32.807,-32.0414,-31.1079,-30.1453,-29.1524,-28.1275,-27.0692,-25.9757,-24.8453,-23.6762,-22.4662,-21.2132,-19.9148,-18.5686,-17.1719,-15.7218,-14.2151,-12.6484,-11.0182,-9.3205,-7.55099,-5.70503,-3.7775,-1.76302,-4.35473e-05,-3.71811e-05,-3.1156e-05,1.85163,3.86237,5.7864,7.62915,9.39569,11.0907,12.7183,14.2826,15.7871,17.2352,18.63,19.9744,21.271,22.5225,23.731,24.8988,26.0278,27.1201,28.1773,29.2011,30.193,31.1546,32.0872,32.8284,33.2575,33.6979,34.1502,34.6148,35.0921,35.5828,36.0873,36.6064,37.1405,37.6905,38.2569,38.8406,39.4424,40.0631,40.7036,41.3648,42.0479,42.7538,43.4838,44.2391,45.0211,45.8312,46.6709,47.5418,48.4459,49.3849,50,50,50,50,
0.599998, -42.9457,-42.2341,-41.5456,-40.8791,-40.2337,-39.6083,-39.002,-38.4139,-37.8433,-37.2893,-36.7513,-36.2285,-35.7204,-35.2263,-34.7457,-34.278,-33.8226,-33.3792,-32.9473,-32.3435,-31.4194,-30.4666,-29.4839,-28.4698,-27.4227,-26.3411,-25.2232,-24.0671,-22.8709,-21.6324,-20.3493,-19.0193,-17.6396,-16.2075,-14.7199,-13.1735,-11.5648,-9.88989,-8.14465,-6.32455,-4.42458,-2.43957,-0.363566,-5.35304e-05,-4.59026e-05,1.16611,3.20683,5.15894,7.02799,8.81921,10.5374,12.1868,13.7717,15.2956,16.762,18.1741,19.5349,20.847,22.1132,23.3357,24.5167,25.6584,26.7627,27.8313,28.866,29.8683,30.8398,31.7818,32.6889,33.1143,33.551,33.9993,34.4598,34.9328,35.419,35.9189,36.4331,36.9623,37.5069,38.0679,38.6458,39.2416,39.8559,40.4898,41.1441,41.8198,42.5181,43.2401,43.9869,44.76,45.5606,46.3904,47.2509,48.1439,49.0712,50,50,50,50,50,
0.659998, -42.4659,-41.7699,-41.0964,-40.4442,-39.8123,-39.1998,-38.6058,-38.0296,-37.4702,-36.927,-36.3993,-35.8865,-35.3879,-34.9029,-34.431,-33.9716,-33.5243,-33.0886,-32.6427,-31.7277,-30.7846,-29.812,-28.8084,-27.7725,-26.7025,-25.5968,-24.4536,-23.2709,-22.0466,-20.7786,-19.4644,-18.1015,-16.6871,-15.2182,-13.6917,-12.1041,-10.4515,-8.73008,-6.9353,-5.06242,-3.10612,-1.06093,-7.39888e-05,-6.47718e-05,0.470238,2.54161,4.52235,6.41833,8.23474,9.97657,11.6483,13.2541,14.7978,16.2828,17.7126,19.09,20.418,21.6992,22.9358,24.1304,25.2849,26.4013,27.4816,28.5273,29.5402,30.5217,31.4734,32.3965,32.9724,33.4053,33.8497,34.3061,34.775,35.2568,35.7521,36.2615,36.7857,37.3251,37.8807,38.4529,39.0427,39.6508,40.2782,40.9256,41.5942,42.285,42.999,43.7375,44.5018,45.2932,46.1133,46.9635,47.8456,48.7613,49.7128,50,50,50,50,50,
0.719998, -41.9967,-41.3159,-40.6568,-40.0183,-39.3996,-38.7996,-38.2177,-37.6528,-37.1044,-36.5717,-36.0541,-35.5508,-35.0614,-34.5853,-34.1219,-33.6707,-33.2312,-32.8031,-32.033,-31.0993,-30.1366,-29.1435,-28.1184,-27.0599,-25.9663,-24.8357,-23.6663,-22.4561,-21.2028,-19.9042,-18.5577,-17.1607,-15.7102,-14.2032,-12.6362,-11.0056,-9.30744,-7.53746,-5.69101,-3.76287,-1.74783,-9.94184e-05,-8.80528e-05,-7.74943e-05,1.86649,3.87653,5.79999,7.64213,9.40811,11.1026,12.7297,14.2935,15.7976,17.2454,18.6398,19.9839,21.2802,22.5314,23.7396,24.9072,26.036,27.128,28.185,29.2086,30.2004,31.1618,32.0942,32.8316,33.2609,33.7014,34.1538,34.6185,35.096,35.5868,36.0915,36.6107,37.1451,37.6952,38.2619,38.8458,39.4478,40.0687,40.7095,41.371,42.0543,42.7606,43.4909,44.2466,45.0289,45.8393,46.6794,47.5508,48.4553,49.3949,50,50,50,50,50,50,
0.779998, -41.5377,-40.8716,-40.2265,-39.6014,-38.9954,-38.4076,-37.8372,-37.2835,-36.7457,-36.2232,-35.7153,-35.2214,-34.741,-34.2734,-33.8183,-33.375,-32.9432,-32.3351,-31.4108,-30.4579,-29.475,-28.4607,-27.4135,-26.3317,-25.2135,-24.0572,-22.8608,-21.622,-20.3387,-19.0084,-17.6284,-16.196,-14.7081,-13.1613,-11.5522,-9.87689,-8.13121,-6.31063,-4.41006,-2.4245,-0.347898,-0.000116193,-0.00010334,1.18127,3.22126,5.17279,7.04121,8.83185,10.5495,12.1984,13.7828,15.3063,16.7723,18.184,19.5445,20.8563,22.1222,23.3444,24.5252,25.6666,26.7707,27.8391,28.8736,29.8757,30.847,31.7889,32.6921,33.1177,33.5544,34.0029,34.4634,34.9366,35.423,35.9231,36.4374,36.9667,37.5116,38.0727,38.6509,39.2468,39.8614,40.4955,41.1501,41.8261,42.5247,43.247,43.9942,44.7676,45.5686,46.3988,47.2597,48.1531,49.0809,50,50,50,50,50,50,50,
0.839998, -41.0887,-40.4368,-39.8052,-39.193,-38.5994,-38.0234,-37.4643,-36.9213,-36.3939,-35.8812,-35.3828,-34.898,-34.4263,-33.9671,-33.52,-33.0845,-32.6342,-31.7191,-30.7759,-29.8031,-28.7993,-27.7632,-26.693,-25.5871,-24.4437,-23.2608,-22.0363,-20.768,-19.4536,-18.0903,-16.6756,-15.2064,-13.6796,-12.0915,-10.4386,-8.71671,-6.92147,-5.04808,-3.09114,-1.04538,-0.000149637,-0.000134756,0.485716,2.55632,4.53636,6.4318,8.24761,9.98887,11.6601,13.2654,14.8086,16.2933,17.7226,19.0997,20.4274,21.7082,22.9446,24.1389,25.2932,26.4094,27.4894,28.5349,29.5476,30.529,31.4805,32.4034,32.9757,33.4087,33.8532,34.3097,34.7787,35.2607,35.7562,36.2658,36.7901,37.3297,37.8854,38.4579,39.0479,39.6562,40.2838,40.9315,41.6004,42.2914,43.0057,43.7446,44.5092,45.301,46.1214,46.972,47.8545,48.7708,49.7228,50,50,50,50,50,50,50,
0.899998, -40.6492,-40.0111,-39.3927,-38.793,-38.2113,-37.6467,-37.0986,-36.5661,-36.0487,-35.5457,-35.0565,-34.5805,-34.1173,-33.6663,-33.227,-32.799,-32.0243,-31.0905,-30.1277,-29.1344,-28.1091,-27.0504,-25.9566,-24.8258,-23.6562,-22.4457,-21.1922,-19.8933,-18.5466,-17.1493,-15.6985,-14.1911,-12.6237,-10.9927,-9.29413,-7.52371,-5.67677,-3.74799,-1.73239,-0.000189586,-0.000171777,-0.000155541,1.88151,3.89082,5.81373,7.65524,9.42064,11.1145,12.7412,14.3045,15.8082,17.2555,18.6496,19.9933,21.2894,22.5402,23.7482,24.9155,26.0441,27.1359,28.1927,29.2161,30.2077,31.1689,32.1012,32.8349,33.2642,33.7049,34.1574,34.6222,35.0998,35.5908,36.0956,36.615,37.1495,37.6999,38.2667,38.8509,39.4531,40.0742,40.7152,41.377,42.0606,42.7671,43.4978,44.2537,45.0364,45.8473,46.6877,47.5596,48.4645,49.4045,50,50,50,50,50,50,50,50,
0.959998, -40.2191,-39.5943,-38.9886,-38.4011,-37.831,-37.2775,-36.74,-36.2177,-35.71,-35.2163,-34.7361,-34.2687,-33.8138,-33.3707,-32.939,-32.3264,-31.402,-30.4489,-29.4659,-28.4514,-27.404,-26.3219,-25.2036,-24.0471,-22.8504,-21.6114,-20.3278,-18.9972,-17.617,-16.1842,-14.696,-13.1489,-11.5394,-9.86365,-8.11752,-6.29647,-4.39525,-2.40915,-0.33197,-0.000214841,-0.000195444,1.19661,3.23584,5.18682,7.05458,8.84461,10.5617,12.2101,13.794,15.317,16.7826,18.194,19.554,20.8656,22.1311,23.3531,24.5336,25.6748,26.7786,27.8468,28.881,29.883,30.8541,31.7958,32.6952,33.1209,33.5578,34.0064,34.4671,34.9404,35.4269,35.9271,36.4416,36.9711,37.5161,38.0775,38.6558,39.252,39.8668,40.5011,41.1559,41.8322,42.5311,43.2537,44.0012,44.7749,45.5763,46.4069,47.2682,48.162,49.0903,50,50,50,50,50,50,50,50,50,
1.02, -39.7979,-39.1861,-38.5927,-38.017,-37.4581,-36.9154,-36.3882,-35.8758,-35.3776,-34.893,-34.4215,-33.9625,-33.5156,-33.0802,-32.6255,-31.7103,-30.7668,-29.7939,-28.79,-27.7536,-26.6833,-25.5772,-24.4335,-23.2504,-22.0257,-20.7571,-19.4424,-18.0789,-16.6639,-15.1944,-13.6671,-12.0787,-10.4254,-8.70309,-6.90738,-5.0335,-3.07588,-1.02956,-0.000264386,-0.000242535,0.501398,2.57121,4.55052,6.44545,8.26063,10.0013,11.672,13.2768,14.8195,16.3037,17.7327,19.1094,20.4368,21.7173,22.9534,24.1474,25.3014,26.4173,27.4971,28.5424,29.555,30.5361,31.4874,32.4102,32.9789,33.412,33.8567,34.3133,34.7824,35.2645,35.7601,36.2699,36.7943,37.3341,37.89,38.4627,39.0529,39.6614,40.2892,40.9372,41.6063,42.2976,43.0123,43.7514,44.5164,45.3085,46.1293,46.9803,47.8632,48.78,49.7324,50,50,50,50,50,50,50,50,50,
1.08, -39.3855,-38.7862,-38.2047,-37.6404,-37.0926,-36.5603,-36.0431,-35.5403,-35.0513,-34.5756,-34.1126,-33.6617,-33.2226,-32.7948,-32.0154,-31.0815,-30.1185,-29.125,-28.0996,-27.0407,-25.9466,-24.8156,-23.6458,-22.4351,-21.1813,-19.8822,-18.5352,-17.1375,-15.6864,-14.1787,-12.6109,-10.9796,-9.28057,-7.50969,-5.66226,-3.7328,-1.71666,-0.000322085,-0.000296404,-0.000273434,1.89673,3.90528,5.82768,7.66854,9.43332,11.1267,12.7528,14.3157,15.8189,17.2657,18.6594,20.0028,21.2985,22.5491,23.7568,24.9238,26.0521,27.1437,28.2003,29.2234,30.2148,31.1759,32.108,32.838,33.2674,33.7082,34.1609,34.6258,35.1036,35.5947,36.0997,36.6192,37.1539,37.7044,38.2714,38.8558,39.4582,40.0795,40.7208,41.3828,42.0667,42.7735,43.5044,44.2607,45.0438,45.8549,46.6958,47.5681,48.4735,49.4139,50,50,50,50,50,50,50,50,50,50,
1.14, -38.9816,-38.3943,-37.8245,-37.2713,-36.734,-36.212,-35.7045,-35.2111,-34.731,-34.2639,-33.8091,-33.3662,-32.9347,-32.3175,-31.3929,-30.4397,-29.4564,-28.4418,-27.3942,-26.312,-25.1934,-24.0367,-22.8397,-21.6005,-20.3167,-18.9858,-17.6053,-16.1722,-14.6836,-13.1361,-11.5263,-9.85013,-8.10356,-6.28204,-4.38013,-2.3935,-0.315744,-0.000357482,-0.000330253,1.21218,3.25061,5.20109,7.06816,8.85756,10.574,12.2219,13.8053,15.3278,16.793,18.2039,19.5636,20.8748,22.1401,23.3617,24.542,25.6829,26.7864,27.8544,28.8885,29.8902,30.8612,31.8027,32.6983,33.1241,33.5611,34.0098,34.4706,34.9441,35.4307,35.9311,36.4457,36.9753,37.5206,38.0821,38.6606,39.257,39.872,40.5066,41.1616,41.8382,42.5373,43.2602,44.008,44.782,45.5838,46.4147,47.2764,48.1707,49.0994,50,50,50,50,50,50,50,50,50,50,50,
1.2, -38.5858,-38.0104,-37.4518,-36.9094,-36.3824,-35.8702,-35.3722,-34.8879,-34.4165,-33.9577,-33.511,-33.0758,-32.6165,-31.7011,-30.7575,-29.7844,-28.7803,-27.7438,-26.6733,-25.567,-24.4231,-23.2397,-22.0148,-20.746,-19.431,-18.0672,-16.6519,-15.182,-13.6544,-12.0657,-10.4119,-8.68918,-6.89302,-5.01864,-3.0603,-1.01342,-0.000426196,-0.000396102,0.517334,2.58632,4.56486,6.45934,8.27385,10.0139,11.684,13.2883,14.8305,16.3143,17.7428,19.1192,20.4461,21.7263,22.9621,24.1558,25.3095,26.4253,27.5048,28.5499,29.5622,30.5432,31.4943,32.4169,32.982,33.4153,33.86,34.3168,34.786,35.2682,35.764,36.2739,36.7985,37.3385,37.8945,38.4674,39.0578,39.6665,40.2946,40.9428,41.6121,42.3037,43.0186,43.758,44.5233,45.3158,46.1369,46.9883,47.8717,48.7888,49.7418,50,50,50,50,50,50,50,50,50,50,50,
1.26, -38.198,-37.634,-37.0863,-36.5544,-36.0374,-35.5348,-35.0461,-34.5705,-34.1077,-33.657,-33.2181,-32.7905,-32.0062,-31.0722,-30.109,-29.1153,-28.0897,-27.0306,-25.9364,-24.8052,-23.6351,-22.4242,-21.1702,-19.8708,-18.5234,-17.1255,-15.6741,-14.166,-12.5979,-10.9661,-9.26671,-7.49538,-5.64747,-3.71727,-1.70059,-0.000504833,-0.00046988,-0.000439216,1.91219,3.91994,5.8419,7.68206,9.44621,11.139,12.7645,14.3269,15.8296,17.2761,18.6693,20.0123,21.3077,22.5579,23.7653,24.932,26.0601,27.1514,28.2078,29.2308,30.222,31.1828,32.1147,32.8411,33.2707,33.7116,34.1643,34.6294,35.1072,35.5985,36.1036,36.6233,37.1581,37.7088,38.276,38.8605,39.4632,40.0847,40.7262,41.3884,42.0726,42.7797,43.5109,44.2675,45.0509,45.8624,46.7036,47.5763,48.4821,49.423,50,50,50,50,50,50,50,50,50,50,50,50,
1.32, -37.8179,-37.265,-36.7279,-36.2061,-35.6989,-35.2057,-34.7258,-34.2589,-33.8043,-33.3616,-32.9303,-32.3083,-31.3835,-30.4301,-29.4467,-28.4319,-27.3841,-26.3017,-25.1829,-24.026,-22.8288,-21.5893,-20.3052,-18.9741,-17.5932,-16.1599,-14.6709,-13.1231,-11.5128,-9.8363,-8.08931,-6.26731,-4.36464,-2.37749,-0.299172,-0.000552009,-0.000515696,1.22801,3.26561,5.21566,7.08201,8.87073,10.5866,12.2339,13.8167,15.3388,16.8035,18.214,19.5733,20.8841,22.149,23.3703,24.5503,25.691,26.7943,27.862,28.8958,29.8974,30.8681,31.8095,32.7014,33.1273,33.5644,34.0132,34.4741,34.9477,35.4344,35.9349,36.4498,36.9795,37.5249,38.0866,38.6653,39.2618,39.8771,40.5119,41.1671,41.8439,42.5433,43.2665,44.0146,44.789,45.591,46.4223,47.2845,48.1791,49.1083,50,50,50,50,50,50,50,50,50,50,50,50,50,
1.38, -37.4453,-36.9031,-36.3764,-35.8645,-35.3667,-34.8825,-34.4114,-33.9528,-33.5063,-33.0713,-32.6073,-31.6917,-30.748,-29.7747,-28.7704,-27.7337,-26.663,-25.5565,-24.4124,-23.2288,-22.0036,-20.7345,-19.4192,-18.0552,-16.6395,-15.1694,-13.6414,-12.0523,-10.3981,-8.67496,-6.87834,-5.00347,-3.04434,-0.996913,-0.000642902,-0.000603331,0.533572,2.60168,4.57942,6.47353,8.28734,10.0268,11.6963,13.3,14.8417,16.325,17.7531,19.129,20.4556,21.7354,22.9708,24.1642,25.3177,26.4332,27.5125,28.5573,29.5694,30.5502,31.5012,32.4236,32.9852,33.4185,33.8634,34.3202,34.7896,35.2719,35.7678,36.2778,36.8026,37.3427,37.8989,38.472,39.0625,39.6715,40.2997,40.9482,41.6178,42.3096,43.0248,43.7645,44.5301,45.3229,46.1444,46.9961,47.8799,48.7975,49.7508,50,50,50,50,50,50,50,50,50,50,50,50,50,
1.44, -37.0799,-36.5482,-36.0315,-35.5292,-35.0406,-34.5653,-34.1026,-33.6522,-33.2134,-32.786,-31.9968,-31.0625,-30.0992,-29.1054,-28.0796,-27.0203,-25.9258,-24.7944,-23.6241,-22.4129,-21.1587,-19.859,-18.5114,-17.1132,-15.6614,-14.153,-12.5845,-10.9523,-9.25252,-7.48075,-5.63235,-3.70136,-1.68414,-0.000745602,-0.000700021,-0.000660813,1.92793,3.93485,5.85644,7.69588,9.45935,11.1515,12.7765,14.3383,15.8405,17.2865,18.6794,20.0219,21.3169,22.5668,23.7738,24.9403,26.0681,27.1592,28.2153,29.238,30.229,31.1897,32.1214,32.8442,33.2739,33.7149,34.1677,34.6329,35.1109,35.6022,36.1075,36.6273,37.1623,37.7132,38.2805,38.8652,39.468,40.0898,40.7315,41.394,42.0783,42.7857,43.5172,44.2741,45.0578,45.8696,46.7113,47.5843,48.4905,49.4319,50,50,50,50,50,50,50,50,50,50,50,50,50,50,
1.5, -36.7216,-36.2001,-35.6931,-35.2001,-34.7205,-34.2537,-33.7993,-33.3568,-32.9257,-32.2988,-31.3739,-30.4203,-29.4368,-28.4217,-27.3737,-26.2911,-25.1721,-24.015,-22.8176,-21.5778,-20.2935,-18.962,-17.5809,-16.1472,-14.6579,-13.1097,-11.4991,-9.82215,-8.07471,-6.25224,-4.34875,-2.36108,-0.282208,-0.000806174,-0.000759569,1.24417,3.28089,5.23058,7.09617,8.8842,10.5994,12.2461,13.8284,15.3499,16.8142,18.2242,19.5831,20.8935,22.158,23.379,24.5586,25.699,26.8021,27.8696,28.9032,29.9045,30.8751,31.8162,32.7045,33.1305,33.5677,34.0165,34.4776,34.9513,35.4381,35.9388,36.4537,36.9836,37.5292,38.091,38.6699,39.2666,39.882,40.517,41.1726,41.8496,42.5492,43.2726,44.021,44.7957,45.5981,46.4298,47.2922,48.1873,49.1169,50,50,50,50,50,50,50,50,50,50,50,50,50,50,50,
1.56, -36.3702,-35.8585,-35.361,-34.877,-34.4061,-33.9478,-33.5014,-33.0666,-32.5977,-31.682,-30.7381,-29.7647,-28.7602,-27.7233,-26.6524,-25.5457,-24.4013,-23.2175,-21.992,-20.7227,-19.4072,-18.0428,-16.6269,-15.1564,-13.6281,-12.0385,-10.384,-8.66041,-6.86332,-4.98673,-3.02797,-0.980002,-0.000922192,-0.000871955,0.550146,2.61734,4.59425,6.48805,8.30114,10.0399,11.7088,13.3119,14.8531,16.3359,17.7635,19.139,20.4652,21.7446,22.9797,24.1728,25.3259,26.4411,27.5201,28.5648,29.5766,30.5572,31.5079,32.4302,32.9883,33.4217,33.8667,34.3236,34.7931,35.2756,35.7716,36.2817,36.8066,37.3469,37.9033,38.4765,39.0672,39.6764,40.3048,40.9535,41.6233,42.3153,43.0308,43.7708,44.5367,45.3298,46.1516,47.0037,47.8879,48.8058,49.7597,50,50,50,50,50,50,50,50,50,50,50,50,50,50,50,
1.62, -36.0254,-35.5233,-35.035,-34.5599,-34.0974,-33.6472,-33.2086,-32.7813,-31.9871,-31.0527,-30.0891,-29.0951,-28.0692,-27.0097,-25.915,-24.7833,-23.6128,-22.4014,-21.1469,-19.8469,-18.499,-17.1005,-15.6484,-14.1396,-12.5708,-10.9382,-9.23799,-7.46576,-5.61689,-3.68501,-1.66727,-0.001052,-0.000994491,-0.00094601,1.94401,3.95004,5.87136,7.71003,9.47281,11.1643,12.7887,14.3499,15.8516,17.2972,18.6895,20.0317,21.3263,22.5758,23.7825,24.9486,26.0761,27.1669,28.2228,29.2453,30.2361,31.1966,32.1281,32.8473,33.277,33.7181,34.1711,34.6364,35.1145,35.6059,36.1114,36.6313,37.1664,37.7174,38.285,38.8698,39.4728,40.0948,40.7367,41.3994,42.084,42.7916,43.5233,44.2805,45.0645,45.8767,46.7187,47.592,48.4987,49.4404,50,50,50,50,50,50,50,50,50,50,50,50,50,50,50,50,
1.68, -35.6871,-35.1943,-34.715,-34.2484,-33.7942,-33.3519,-32.921,-32.289,-31.364,-30.4102,-29.4265,-28.4113,-27.3631,-26.2802,-25.1611,-24.0036,-22.806,-21.566,-20.2814,-18.9497,-17.5682,-16.1342,-14.6446,-13.096,-11.485,-9.80764,-8.05976,-6.23682,-4.33242,-2.34425,-0.264823,-0.00112757,-0.00106952,1.26067,3.29647,5.2459,7.1107,8.898,10.6125,12.2586,13.8403,15.3613,16.825,18.2346,19.5931,20.9031,22.1672,23.3878,24.5671,25.7072,26.8099,27.8771,28.9105,29.9116,30.882,31.8229,32.7076,33.1336,33.5709,34.0199,34.481,34.9548,35.4418,35.9426,36.4576,36.9877,37.5334,38.0953,38.6744,39.2713,39.8869,40.5221,41.1778,41.8551,42.555,43.2787,44.0273,44.8023,45.605,46.437,47.2998,48.1953,49.1252,50,50,50,50,50,50,50,50,50,50,50,50,50,50,50,50,50,
1.74, -35.3551,-34.8714,-34.4007,-33.9425,-33.4963,-33.0617,-32.5879,-31.6721,-30.728,-29.7543,-28.7497,-27.7126,-26.6415,-25.5345,-24.39,-23.2059,-21.9802,-20.7106,-19.3948,-18.0301,-16.6138,-15.143,-13.6144,-12.0245,-10.3695,-8.64548,-6.84794,-4.97041,-3.01116,-0.962654,-0.00127159,-0.00120955,0.567104,2.63334,4.60937,6.50298,8.31531,10.0533,11.7216,13.3241,14.8647,16.347,17.7741,19.1492,20.4749,21.7539,22.9887,24.1814,25.3342,26.449,27.5278,28.5722,29.5838,30.5642,31.5147,32.4368,32.9914,33.4249,33.87,34.327,34.7966,35.2792,35.7753,36.2856,36.8106,37.3511,37.9076,38.4809,39.0718,39.6812,40.3098,40.9586,41.6287,42.321,43.0367,43.7769,44.5431,45.3365,46.1586,47.0111,47.8956,48.814,49.7682,50,50,50,50,50,50,50,50,50,50,50,50,50,50,50,50,50,
1.8, -35.0292,-34.5543,-34.0921,-33.642,-33.2037,-32.7766,-31.9771,-31.0425,-30.0788,-29.0846,-28.0584,-26.9987,-25.9038,-24.772,-23.6012,-22.3895,-21.1347,-19.8345,-18.4863,-17.0875,-15.6351,-14.1259,-12.5567,-10.9238,-9.22309,-7.45041,-5.60106,-3.66821,-1.64995,-0.00143146,-0.00136079,-0.00130243,1.96045,3.96556,5.8867,7.72458,9.48661,11.1774,12.8012,14.3618,15.863,17.308,18.6999,20.0416,21.3358,22.5849,23.7913,24.9571,26.0842,27.1747,28.2303,29.2526,30.2431,31.2034,32.1347,32.8504,33.2802,33.7214,34.1744,34.6398,35.118,35.6096,36.1152,36.6352,37.1705,37.7216,38.2893,38.8744,39.4775,40.0997,40.7418,41.4047,42.0895,42.7974,43.5294,44.2868,45.0711,45.8836,46.7259,47.5996,48.5066,49.4488,50,50,50,50,50,50,50,50,50,50,50,50,50,50,50,50,50,50,
1.86, -34.7093,-34.2429,-33.7889,-33.3468,-32.9161,-32.279,-31.3538,-30.3998,-29.4159,-28.4005,-27.3521,-26.2691,-25.1496,-23.992,-22.7941,-21.5538,-20.2689,-18.9369,-17.5552,-16.1208,-14.6309,-13.082,-11.4705,-9.79276,-8.04444,-6.22103,-4.31563,-2.32694,-0.246966,-0.00152362,-0.00145302,1.27756,3.31241,5.26168,7.12565,8.91217,10.626,12.2714,13.8525,15.3729,16.8361,18.2452,19.6032,20.9128,22.1765,23.3968,24.5757,25.7155,26.8179,27.8848,28.9179,29.9188,30.8889,31.8297,32.7106,33.1367,33.5741,34.0232,34.4844,34.9583,35.4454,35.9463,36.4615,36.9917,37.5375,38.0996,38.6789,39.2759,39.8917,40.5271,41.183,41.8605,42.5606,43.2845,44.0335,44.8087,45.6117,46.444,47.3072,48.203,49.1334,50,50,50,50,50,50,50,50,50,50,50,50,50,50,50,50,50,50,50,
1.92, -34.3951,-33.9371,-33.4912,-33.0567,-32.5779,-31.6618,-30.7176,-29.7437,-28.7389,-27.7016,-26.6302,-25.5231,-24.3783,-23.194,-21.968,-20.6982,-19.382,-18.0171,-16.6005,-15.1293,-13.6003,-12.01,-10.3546,-8.63018,-6.83217,-4.95362,-2.99386,-0.944824,-0.00169842,-0.0016235,0.584476,2.64972,4.62482,6.51835,8.32987,10.0672,11.7347,13.3366,14.8766,16.3583,17.785,19.1595,20.4848,21.7634,22.9978,24.1901,25.3426,26.4571,27.5356,28.5797,29.591,30.5712,31.5215,32.4434,32.9945,33.4281,33.8733,34.3304,34.8001,35.2828,35.779,36.2894,36.8146,37.3551,37.9118,38.4853,39.0764,39.6859,40.3147,40.9638,41.634,42.3265,43.0424,43.783,44.5494,45.3431,46.1655,47.0183,47.9032,48.8219,49.7766,50,50,50,50,50,50,50,50,50,50,50,50,50,50,50,50,50,50,50,
1.98, -34.0866,-33.6367,-33.1986,-32.7716,-31.9668,-31.032,-30.0681,-29.0737,-28.0474,-26.9875,-25.8924,-24.7603,-23.5893,-22.3773,-21.1223,-19.8217,-18.4733,-17.0741,-15.6213,-14.1119,-12.5423,-10.9089,-9.20781,-7.43467,-5.58483,-3.65092,-1.63214,-0.00189118,-0.00180622,-0.00173752,1.97728,3.98143,5.90251,7.73956,9.50081,11.1909,12.814,14.374,15.8746,17.3191,18.7105,20.0518,21.3455,22.5942,23.8002,24.9656,26.0925,27.1827,28.2379,29.2599,30.2502,31.2103,32.1414,32.8535,33.2834,33.7247,34.1778,34.6433,35.1216,35.6133,36.1189,36.6391,37.1745,37.7258,38.2937,38.8788,39.4822,40.1045,40.7468,41.4099,42.0949,42.803,43.5353,44.293,45.0775,45.8903,46.7329,47.607,48.5144,49.4569,50,50,50,50,50,50,50,50,50,50,50,50,50,50,50,50,50,50,50,50,
2.04, -33.7835,-33.3416,-32.911,-32.2687,-31.3433,-30.3892,-29.405,-28.3894,-27.3408,-26.2575,-25.1379,-23.98,-22.7819,-21.5413,-20.2562,-18.9238,-17.5418,-16.1071,-14.6168,-13.0675,-11.4557,-9.77749,-8.02872,-6.20483,-4.29833,-2.30914,-0.228618,-0.00200154,-0.00191734,1.29487,3.32872,5.27795,7.14106,8.92677,10.6398,12.2846,13.865,15.3848,16.8475,18.2561,19.6136,20.9227,22.186,23.4059,24.5845,25.7239,26.826,27.8926,28.9254,29.926,30.8959,31.8364,32.7137,33.1399,33.5774,34.0265,34.4879,34.9619,35.4491,35.95,36.4654,36.9957,37.5416,38.1039,38.6833,39.2805,39.8965,40.532,41.1882,41.8659,42.5662,43.2903,44.0395,44.815,45.6183,46.4509,47.3144,48.2106,49.1414,50,50,50,50,50,50,50,50,50,50,50,50,50,50,50,50,50,50,50,50,50,
2.1, -33.4858,-33.0516,-32.5675,-31.6513,-30.7069,-29.7328,-28.7278,-27.6903,-26.6187,-25.5113,-24.3663,-23.1817,-21.9555,-20.6854,-19.3689,-18.0037,-16.5867,-15.1152,-13.5858,-11.9952,-10.3394,-8.61448,-6.81599,-4.93631,-2.97606,-0.926488,-0.0022098,-0.00212099,0.602307,2.66649,4.64063,6.53421,8.34489,10.0814,11.7482,13.3494,14.8889,16.37,17.7961,19.1701,20.4949,21.7731,23.0071,24.199,25.3512,26.4654,27.5435,28.5873,29.5984,30.5783,31.5283,32.45,32.9977,33.4313,33.8766,34.3338,34.8036,35.2864,35.7827,36.2932,36.8185,37.3592,37.916,38.4897,39.0809,39.6906,40.3196,40.9688,41.6392,42.332,43.0481,43.7889,44.5556,45.3495,46.1723,47.0254,47.9106,48.8297,49.7847,50,50,50,50,50,50,50,50,50,50,50,50,50,50,50,50,50,50,50,50,50,
2.16, -33.1933,-32.7666,-31.9563,-31.0213,-30.0572,-29.0626,-28.036,-26.9759,-25.8806,-24.7482,-23.577,-22.3648,-21.1094,-19.8086,-18.4598,-17.0603,-15.6072,-14.0974,-12.5274,-10.8937,-9.19212,-7.41852,-5.56819,-3.63311,-1.61381,-0.00243816,-0.00233787,-0.00225853,1.99454,3.99768,5.91883,7.75501,9.51545,11.2048,12.8272,14.3866,15.8866,17.3305,18.7214,20.0621,21.3554,22.6037,23.8093,24.9744,26.1009,27.1907,28.2457,29.2674,30.2574,31.2172,32.1481,32.8566,33.2866,33.728,34.1812,34.6467,35.1251,35.6169,36.1227,36.643,37.1786,37.73,38.298,38.8833,39.4868,40.1093,40.7517,41.415,42.1003,42.8086,43.5411,44.2991,45.0839,45.8969,46.7398,47.6143,48.522,49.4649,50,50,50,50,50,50,50,50,50,50,50,50,50,50,50,50,50,50,50,50,50,50,
2.22, -32.9059,-32.2581,-31.3325,-30.3782,-29.3939,-28.378,-27.3292,-26.2457,-25.1258,-23.9677,-22.7693,-21.5285,-20.243,-18.9104,-17.528,-16.093,-14.6023,-13.0527,-11.4404,-9.76182,-8.01259,-6.18821,-4.28051,-2.29081,-0.209741,-0.00256831,-0.00246954,1.31265,3.34544,5.29477,7.15696,8.94184,10.6541,12.2981,13.8779,15.3971,16.8591,18.2672,19.6242,20.9328,22.1957,23.4152,24.5934,25.7324,26.8342,27.9005,28.933,29.9333,30.9029,31.8432,32.7168,33.1431,33.5806,34.0299,34.4913,34.9654,35.4527,35.9538,36.4692,36.9996,37.5457,38.1081,38.6877,39.2851,39.9012,40.5369,41.1932,41.8711,42.5717,43.296,44.0455,44.8212,45.6248,46.4577,47.3215,48.218,49.1491,50,50,50,50,50,50,50,50,50,50,50,50,50,50,50,50,50,50,50,50,50,50,50,
2.28, -32.5569,-31.6405,-30.6959,-29.7216,-28.7164,-27.6787,-26.6069,-25.4992,-24.354,-23.1691,-21.9426,-20.6722,-19.3555,-17.9899,-16.5726,-15.1007,-13.571,-11.9799,-10.3237,-8.59837,-6.7994,-4.91847,-2.95772,-0.907615,-0.00281265,-0.002709,0.6206,2.6837,4.65682,6.55058,8.36039,10.0961,11.7622,13.3627,14.9014,16.382,17.8075,19.181,20.5053,21.783,23.0166,24.2081,25.3599,26.4738,27.5516,28.5951,29.6059,30.5855,31.5353,32.4567,33.0008,33.4346,33.8799,34.3372,34.8071,35.29,35.7864,36.2971,36.8225,37.3633,37.9202,38.494,39.0854,39.6952,40.3244,40.9738,41.6444,42.3374,43.0537,43.7947,44.5616,45.3559,46.1789,47.0323,47.9179,48.8373,49.7927,50,50,50,50,50,50,50,50,50,50,50,50,50,50,50,50,50,50,50,50,50,50,50,
2.34, -31.9454,-31.0103,-30.046,-29.0512,-28.0244,-26.964,-25.8685,-24.7359,-23.5644,-22.3519,-21.0963,-19.7952,-18.446,-17.0462,-15.5928,-14.0826,-12.5122,-10.878,-9.17603,-7.40196,-5.55111,-3.61476,-1.59493,-0.00307914,-0.00296261,-0.00287246,2.01225,4.01434,5.93572,7.77097,9.53057,11.2191,12.8408,14.3995,15.8989,17.3422,18.7325,20.0728,21.3656,22.6134,23.8186,24.9833,26.1094,27.1989,28.2536,29.275,30.2648,31.2243,32.1549,32.8597,33.2898,33.7313,34.1846,34.6502,35.1287,35.6206,36.1265,36.6469,37.1826,37.7341,38.3022,38.8877,39.4914,40.114,40.7566,41.4201,42.1056,42.8141,43.5468,44.305,45.0901,45.9034,46.7466,47.6214,48.5294,49.4727,50,50,50,50,50,50,50,50,50,50,50,50,50,50,50,50,50,50,50,50,50,50,50,50,
2.4, -31.3215,-30.367,-29.3824,-28.3664,-27.3173,-26.2336,-25.1135,-23.9551,-22.7564,-21.5153,-20.2295,-18.8966,-17.5139,-16.0785,-14.5875,-13.0374,-11.4248,-9.74573,-7.99604,-6.17116,-4.26214,-2.27192,-0.190312,-0.00323071,-0.00311686,1.3309,3.36259,5.31217,7.17341,8.9574,10.6689,12.3121,13.8912,15.4097,16.8711,18.2786,19.6351,20.9433,22.2057,23.4247,24.6025,25.7411,26.8425,27.9085,28.9407,29.9408,30.9101,31.8501,32.7198,33.1462,33.5839,34.0333,34.4948,34.969,35.4564,35.9575,36.4731,37.0036,37.5498,38.1124,38.692,39.2896,39.9059,40.5418,41.1983,41.8763,42.5771,43.3017,44.0513,44.8274,45.6312,46.4644,47.3285,48.2253,49.1568,50,50,50,50,50,50,50,50,50,50,50,50,50,50,50,50,50,50,50,50,50,50,50,50,50,
2.46, -30.6846,-29.7102,-28.7047,-27.6668,-26.5947,-25.4868,-24.3413,-23.1562,-21.9294,-20.6587,-19.3417,-17.9757,-16.5581,-15.0859,-13.5558,-11.9643,-10.3077,-8.58183,-6.78238,-4.90007,-2.93882,-0.888176,-0.00351359,-0.00339424,0.639412,2.70136,4.67343,6.56754,8.37642,10.1113,11.7765,13.3763,14.9144,16.3943,17.8192,19.1922,20.516,21.7932,23.0263,24.2175,25.3688,26.4823,27.5598,28.603,29.6135,30.5928,31.5423,32.4635,33.0039,33.4378,33.8833,34.3407,34.8106,35.2936,35.7902,36.3009,36.8264,37.3673,37.9244,38.4983,39.0898,39.6998,40.3292,40.9787,41.6496,42.3427,43.0593,43.8005,44.5677,45.3621,46.1855,47.0392,47.925,48.8448,49.8006,50,50,50,50,50,50,50,50,50,50,50,50,50,50,50,50,50,50,50,50,50,50,50,50,50,
2.52, -30.0345,-29.0395,-28.0124,-26.9519,-25.856,-24.7232,-23.5514,-22.3387,-21.0827,-19.7813,-18.4319,-17.0317,-15.5779,-14.0673,-12.4966,-10.8619,-9.15951,-7.38496,-5.5336,-3.59584,-1.57549,-0.00382058,-0.00368705,-0.00358612,2.03044,4.03143,5.95318,7.78748,9.5462,11.2339,12.8548,14.4128,15.9115,17.3542,18.744,20.0837,21.376,22.6234,23.8281,24.9924,26.1182,27.2073,28.2617,29.2828,30.2722,31.2314,32.1618,32.8628,33.2929,33.7345,34.188,34.6537,35.1323,35.6243,36.1303,36.6508,37.1866,37.7383,38.3065,38.8921,39.4959,40.1188,40.7615,41.4252,42.1108,42.8195,43.5525,44.3109,45.0962,45.9099,46.7533,47.6284,48.5367,49.4804,50,50,50,50,50,50,50,50,50,50,50,50,50,50,50,50,50,50,50,50,50,50,50,50,50,50,
2.58, -29.3707,-28.3544,-27.3051,-26.2211,-25.1008,-23.9421,-22.7431,-21.5018,-20.2157,-18.8824,-17.4994,-16.0637,-14.5722,-13.0218,-11.4087,-9.72923,-7.97906,-6.15368,-4.24321,-2.25247,-0.170309,-0.00399521,-0.00386578,1.34964,3.38019,5.33019,7.19042,8.9735,10.6841,12.3266,13.9049,15.4227,16.8835,18.2904,19.6463,20.954,22.2159,23.4344,24.6118,25.7501,26.8511,27.9167,28.9486,29.9484,30.9174,31.8572,32.7228,33.1493,33.5871,34.0366,34.4983,34.9725,35.46,35.9613,36.477,37.0076,37.5539,38.1166,38.6964,39.2941,39.9105,40.5466,41.2033,41.8815,42.5825,43.3073,44.0571,44.8334,45.6375,46.4709,47.3354,48.2325,49.1643,50,50,50,50,50,50,50,50,50,50,50,50,50,50,50,50,50,50,50,50,50,50,50,50,50,50,50,
2.64, -28.6927,-27.6545,-26.5822,-25.4741,-24.3283,-23.1429,-21.9159,-20.6448,-19.3275,-17.9612,-16.5433,-15.0706,-13.5401,-11.9482,-10.2912,-8.56487,-6.76492,-4.88111,-2.91936,-0.868174,-0.00431902,-0.00418317,0.658746,2.71949,4.69046,6.58508,8.39301,10.127,11.7914,13.3904,14.9278,16.407,17.8313,19.2037,20.527,21.8037,23.0363,24.227,25.378,26.4911,27.5682,28.611,29.6212,30.6002,31.5495,32.4704,33.0069,33.4409,33.8865,34.3441,34.8142,35.2973,35.7939,36.3047,36.8304,37.3714,37.9286,38.5026,39.0943,39.7045,40.3339,40.9837,41.6547,42.348,43.0648,43.8062,44.5736,45.3683,46.1919,47.0459,47.932,48.8522,49.8083,50,50,50,50,50,50,50,50,50,50,50,50,50,50,50,50,50,50,50,50,50,50,50,50,50,50,50,
2.7, -28.0002,-26.9394,-25.8433,-24.7102,-23.5381,-22.3251,-21.0689,-19.7671,-18.4174,-17.0169,-15.5627,-14.0517,-12.4805,-10.8455,-9.14256,-7.36751,-5.51563,-3.57635,-1.55547,-0.00466868,-0.00451753,-0.004406,2.04913,4.04898,5.97128,7.80458,9.56237,11.2492,12.8693,14.4266,15.9246,17.3667,18.7558,20.095,21.3868,22.6336,23.8379,25.0018,26.1271,27.2159,28.2699,29.2907,30.2798,31.2387,32.1689,32.8658,33.2961,33.7377,34.1913,34.6572,35.136,35.6281,36.1342,36.6548,37.1907,37.7424,38.3108,38.8966,39.5005,40.1235,40.7664,41.4303,42.1161,42.825,43.5581,44.3168,45.1023,45.9162,46.76,47.6353,48.544,49.4879,50,50,50,50,50,50,50,50,50,50,50,50,50,50,50,50,50,50,50,50,50,50,50,50,50,50,50,50,
2.76, -27.2926,-26.2084,-25.0877,-23.9288,-22.7296,-21.4879,-20.2015,-18.8679,-17.4845,-16.0484,-14.5566,-13.0057,-11.3923,-9.71229,-7.96164,-6.13574,-4.22369,-2.23244,-0.149717,-0.00486806,-0.00472259,1.36892,3.39827,5.34885,7.20805,8.99016,10.6999,12.3415,13.919,15.4362,16.8963,18.3026,19.6579,20.965,22.2264,23.4445,24.6214,25.7592,26.8599,27.9252,28.9567,29.9561,30.9249,31.8643,32.7258,33.1524,33.5903,34.0398,34.5016,34.9761,35.4638,35.9652,36.4809,37.0117,37.5581,38.1209,38.7008,39.2986,39.9152,40.5514,41.2083,41.8867,42.5878,43.3128,44.0629,44.8394,45.6437,46.4775,47.3421,48.2396,49.1717,50,50,50,50,50,50,50,50,50,50,50,50,50,50,50,50,50,50,50,50,50,50,50,50,50,50,50,50,50,
2.82, -26.5695,-25.4611,-24.315,-23.1293,-21.902,-20.6306,-19.313,-17.9463,-16.528,-15.055,-13.5241,-11.9318,-10.2742,-8.54747,-6.74702,-4.86156,-2.8993,-0.847574,-0.00523501,-0.00508197,0.678621,2.73812,4.70793,6.60325,8.41019,10.1432,11.8068,13.405,14.9416,16.4202,17.8438,19.2156,20.5383,21.8145,23.0466,24.2369,25.3874,26.5001,27.5768,28.6193,29.6291,30.6078,31.5568,32.4774,33.01,33.4441,33.8897,34.3474,34.8176,35.3009,35.7977,36.3087,36.8344,37.3755,37.9328,38.507,39.0988,39.7091,40.3387,40.9886,41.6598,42.3533,43.0703,43.8119,44.5795,45.3745,46.1983,47.0526,47.939,48.8594,49.8159,50,50,50,50,50,50,50,50,50,50,50,50,50,50,50,50,50,50,50,50,50,50,50,50,50,50,50,50,50,
2.88, -25.8303,-24.6969,-23.5245,-22.3112,-21.0547,-19.7526,-18.4025,-17.0016,-15.547,-14.0357,-12.464,-10.8285,-9.12517,-7.34963,-5.49722,-3.55628,-1.53486,-0.00562929,-0.0054601,-0.00533836,2.06835,4.06699,5.99003,7.82229,9.57911,11.2651,12.8844,14.4408,15.9381,17.3795,18.768,20.1066,21.3978,22.6442,23.848,25.0114,26.1363,27.2247,28.2783,29.2988,30.2876,31.2462,32.176,32.8688,33.2992,33.7409,34.1946,34.6606,35.1395,35.6318,36.1381,36.6588,37.1948,37.7467,38.3152,38.901,39.5051,40.1282,40.7713,41.4353,42.1213,42.8304,43.5638,44.3226,45.1084,45.9225,46.7665,47.6421,48.5511,49.4954,50,50,50,50,50,50,50,50,50,50,50,50,50,50,50,50,50,50,50,50,50,50,50,50,50,50,50,50,50,50,
2.94, -25.0744,-23.9152,-22.7156,-21.4737,-20.1869,-18.853,-17.4692,-16.0328,-14.5406,-12.9893,-11.3754,-9.69493,-7.94378,-6.11736,-4.20358,-2.2118,-0.128514,-0.00585515,-0.00569336,1.38873,3.41683,5.36818,7.22631,9.00741,10.7162,12.357,13.9337,15.4501,16.9095,18.3151,19.6698,20.9764,22.2372,23.4548,24.6313,25.7687,26.8689,27.9338,28.965,29.9641,30.9325,31.8717,32.7289,33.1555,33.5934,34.0431,34.505,34.9795,35.4673,35.9689,36.4849,37.0158,37.5623,38.1252,38.7052,39.3032,39.9199,40.5563,41.2133,41.8919,42.5932,43.3184,44.0687,44.8454,45.65,46.4839,47.3489,48.2466,49.179,50,50,50,50,50,50,50,50,50,50,50,50,50,50,50,50,50,50,50,50,50,50,50,50,50,50,50,50,50,50,50,
0.00, -0.697778,-0.683822,-0.669867,-0.655911,-0.641956,-0.628,-0.614045,-0.600089,-0.586133,-0.572178,-0.558222,-0.544267,-0.530311,-0.516356,-0.5024,-0.488445,-0.474489,-0.460534,-0.446578,-0.432622,-0.418667,-0.404711,-0.390756,-0.3768,-0.362845,-0.348889,-0.334934,-0.320978,-0.307022,-0.293067,-0.279111,-0.265156,-0.2512,-0.237245,-0.223289,-0.209333,-0.195378,-0.181422,-0.167467,-0.153511,-0.139556,-0.1256,-0.111645,-0.0976891,-0.0837335,-0.069778,-0.0558224,-0.0418669,-0.0279113,-0.0139558,-2.03028e-07,0.0139554,0.0279109,0.0418665,0.055822,0.0697776,0.0837331,0.0976887,0.111644,0.1256,0.139555,0.153511,0.167466,0.181422,0.195378,0.209333,0.223289,0.237244,0.2512,0.265155,0.279111,0.293066,0.307022,0.320978,0.334933,0.348889,0.362844,0.3768,0.390755,0.404711,0.418666,0.432622,0.446578,0.460533,0.474489,0.488444,0.5024,0.516355,0.530311,0.544266,0.558222,0.572178,0.586133,0.600089,0.614044,0.628,0.641955,0.655911,0.669866,0.683822,
-3, -50,-50,-50,-50,-50,-50,-50,-50,-50,-50,-50,-50,-50,-50,-50,-50,-50,-50,-50,-50,-50,-50,-50,-50,-50,-50,-50,-50,-49.267,-48.3322,-47.4321,-46.565,-45.7289,-44.9223,-44.1437,-43.3916,-42.6646,-41.9617,-41.2814,-40.6229,-39.985,-39.3669,-38.7676,-38.1862,-37.622,-37.0742,-36.5422,-36.0252,-35.5226,-35.0338,-34.5584,-34.0955,-33.6448,-33.206,-32.7784,-32.3617,-31.9554,-31.5592,-31.1728,-30.7957,-30.3837,-29.3698,-28.3134,-27.2119,-26.0621,-24.861,-23.6049,-22.29,-20.9122,-19.4667,-17.9485,-16.3519,-14.6708,-12.8981,-11.0262,-9.03763,-6.94047,-4.71528,-2.34999,0.170705,2.66669,5.01279,7.22018,9.3008,11.2725,13.1306,14.8905,16.5597,18.1451,19.6529,21.0885,22.4571,23.7632,25.011,26.2044,27.3468,28.4414,29.4912,30.4695,30.8379,
-2.94, -50,-50,-50,-50,-50,-50,-50,-50,-50,-50,-50,-50,-50,-50,-50,-50,-50,-50,-50,-50,-50,-50,-50,-50,-50,-50,-50,-49.6718,-48.7217,-47.8073,-46.9265,-46.0775,-45.2588,-44.4685,-43.7054,-42.968,-42.2551,-41.5654,-40.8979,-40.2514,-39.6251,-39.0179,-38.4291,-37.8577,-37.3031,-36.7645,-36.2413,-35.7327,-35.2382,-34.7571,-34.2891,-33.8334,-33.3896,-32.9573,-32.536,-32.1254,-31.725,-31.3345,-30.9535,-30.5817,-29.802,-28.7638,-27.6816,-26.5524,-25.3733,-24.1408,-22.8512,-21.5004,-20.0839,-18.5969,-17.034,-15.3892,-13.6559,-11.8267,-9.88513,-7.83849,-5.66849,-3.36363,-0.918189,1.63857,4.04313,6.30746,8.44016,10.4524,12.3611,14.1614,15.868,17.4879,19.0277,20.493,21.8893,23.2212,24.4931,25.709,26.8724,27.9868,29.0551,30.0802,30.682,31.0556,
-2.88, -50,-50,-50,-50,-50,-50,-50,-50,-50,-50,-50,-50,-50,-50,-50,-50,-50,-50,-50,-50,-50,-50,-50,-50,-50,-50,-50,-49.1176,-48.1884,-47.2937,-46.4315,-45.6002,-44.7981,-44.0238,-43.2757,-42.5526,-41.8533,-41.1766,-40.5213,-39.8866,-39.2715,-38.675,-38.0964,-37.5349,-36.9896,-36.4599,-35.9452,-35.4449,-34.9582,-34.4848,-34.024,-33.5752,-33.1381,-32.7123,-32.2972,-31.8926,-31.498,-31.113,-30.7373,-30.2268,-29.2063,-28.143,-27.034,-25.8763,-24.6667,-23.4015,-22.0769,-20.6887,-19.232,-17.7017,-16.092,-14.3968,-12.6088,-10.7204,-8.71478,-6.59794,-4.35125,-1.96236,0.580431,3.04781,5.37132,7.55808,9.61982,11.5734,13.4156,15.1608,16.8164,18.3892,19.8853,21.31,22.6685,23.9652,25.2042,26.3893,27.524,28.6114,29.6543,30.5277,30.8975,31.2765,
-2.82, -50,-50,-50,-50,-50,-50,-50,-50,-50,-50,-50,-50,-50,-50,-50,-50,-50,-50,-50,-50,-50,-50,-50,-50,-50,-50,-49.5199,-48.5756,-47.6666,-46.791,-45.9469,-45.1327,-44.3468,-43.5879,-42.8544,-42.1452,-41.4591,-40.7949,-40.1517,-39.5284,-38.9242,-38.3382,-37.7695,-37.2174,-36.6813,-36.1604,-35.654,-35.1617,-34.6827,-34.2167,-33.7629,-33.321,-32.8905,-32.4709,-32.0619,-31.6631,-31.2741,-30.8946,-30.5241,-29.6413,-28.5964,-27.5069,-26.3701,-25.1827,-23.9414,-22.6423,-21.2814,-19.854,-18.3553,-16.7798,-15.1214,-13.3733,-11.5281,-9.5701,-7.50451,-5.31382,-2.98629,-0.514318,2.0258,4.41083,6.65374,8.76685,10.7671,12.6526,14.4377,16.1302,17.7371,19.2648,20.719,22.1048,23.427,24.6898,25.8973,27.0528,28.1597,29.2211,30.2396,30.741,31.1161,31.5005,
-2.76, -50,-50,-50,-50,-50,-50,-50,-50,-50,-50,-50,-50,-50,-50,-50,-50,-50,-50,-50,-50,-50,-50,-50,-50,-50,-49.9289,-48.9691,-48.0455,-47.156,-46.2988,-45.4723,-44.6746,-43.9045,-43.1605,-42.4412,-41.7455,-41.0722,-40.4203,-39.7887,-39.1766,-38.583,-38.0071,-37.4481,-36.9054,-36.3781,-35.8657,-35.3675,-34.883,-34.4115,-33.9527,-33.5059,-33.0706,-32.6465,-32.2331,-31.83,-31.4369,-31.0534,-30.6792,-30.0689,-29.0419,-27.9715,-26.8549,-25.6892,-24.471,-23.1967,-21.8623,-20.4635,-18.9955,-17.453,-15.8301,-14.1206,-12.3172,-10.4052,-8.38904,-6.25228,-3.98377,-1.57538,0.983303,3.42504,5.72628,7.89271,9.93583,11.8717,13.6981,15.4287,17.0709,18.6313,20.1158,21.5298,22.8783,24.1656,25.3959,26.5729,27.6999,28.7801,29.8164,30.5861,30.9574,31.3378,31.7277,
-2.7, -50,-50,-50,-50,-50,-50,-50,-50,-50,-50,-50,-50,-50,-50,-50,-50,-50,-50,-50,-50,-50,-50,-50,-50,-50,-49.369,-48.4304,-47.5267,-46.6562,-45.8169,-45.0073,-44.2258,-43.4709,-42.7414,-42.0359,-41.3533,-40.6925,-40.0525,-39.4323,-38.8309,-38.2477,-37.6817,-37.1322,-36.5985,-36.0799,-35.5758,-35.0855,-34.6087,-34.1445,-33.6927,-33.2527,-32.8239,-32.4061,-31.9987,-31.6015,-31.214,-30.8358,-30.4668,-29.4797,-28.4279,-27.3311,-26.1865,-24.9908,-23.7406,-22.432,-21.0608,-19.6225,-18.112,-16.5236,-14.8514,-13.0884,-11.227,-9.25229,-7.16751,-4.95583,-2.60531,-0.103894,2.41295,4.77483,6.99661,9.09041,11.0723,12.9415,14.7115,16.3901,17.9842,19.5,20.9431,22.3187,23.6312,24.8851,26.0841,27.2318,28.3314,29.3858,30.3978,30.8003,31.1768,31.5627,31.9582,
-2.64, -50,-50,-50,-50,-50,-50,-50,-50,-50,-50,-50,-50,-50,-50,-50,-50,-50,-50,-50,-50,-50,-50,-50,-50,-49.7754,-48.8214,-47.9033,-47.0191,-46.1669,-45.345,-44.5518,-43.7859,-43.0458,-42.3303,-41.6382,-40.9684,-40.3197,-39.6913,-39.0821,-38.4914,-37.9182,-37.3618,-36.8215,-36.2966,-35.7865,-35.2905,-34.808,-34.3386,-33.8817,-33.4367,-33.0033,-32.5809,-32.1692,-31.7677,-31.3761,-30.9941,-30.6213,-29.9101,-28.8764,-27.7989,-26.6747,-25.501,-24.2741,-22.9905,-21.6462,-20.2367,-18.7572,-17.2024,-15.5662,-13.8422,-12.0232,-10.095,-8.06038,-5.90342,-3.61282,-1.18261,1.3795,3.79844,6.07773,8.22411,10.2489,12.1672,13.9781,15.6943,17.3233,18.8713,20.3444,21.7478,23.0864,24.3646,25.5863,26.7552,27.8746,28.9477,29.9773,30.6447,31.0175,31.3994,31.7908,32.1921,
-2.58, -50,-50,-50,-50,-50,-50,-50,-50,-50,-50,-50,-50,-50,-50,-50,-50,-50,-50,-50,-50,-50,-50,-50,-50,-49.2189,-48.2859,-47.3877,-46.5222,-45.6877,-44.8826,-44.1054,-43.3546,-42.6289,-41.9271,-41.248,-40.5906,-39.9537,-39.3366,-38.7382,-38.1577,-37.5943,-37.0473,-36.516,-35.9997,-35.4979,-35.0098,-34.5349,-34.0728,-33.6228,-33.1846,-32.7576,-32.3415,-31.9357,-31.54,-31.154,-30.7773,-30.3332,-29.3171,-28.2584,-27.1542,-26.0017,-24.7976,-23.5384,-22.2202,-20.8387,-19.3892,-17.8667,-16.2655,-14.5793,-12.8012,-10.9234,-8.93167,-6.82745,-4.5945,-2.22065,0.309404,2.79611,5.13518,7.33615,9.41089,11.3747,13.2278,14.983,16.6479,18.2293,19.7333,21.1655,22.5308,23.8339,25.079,26.2697,27.4096,28.5019,29.5495,30.4907,30.8597,31.2378,31.6252,32.0223,32.4295,
-2.52, -50,-50,-50,-50,-50,-50,-50,-50,-50,-50,-50,-50,-50,-50,-50,-50,-50,-50,-50,-50,-50,-50,-50,-49.6228,-48.6746,-47.762,-46.883,-46.0357,-45.2184,-44.4296,-43.6679,-42.9318,-42.2201,-41.5315,-40.8651,-40.2197,-39.5943,-38.9881,-38.4002,-37.8297,-37.2759,-36.7381,-36.2155,-35.7077,-35.2138,-34.7335,-34.266,-33.811,-33.3679,-32.9362,-32.5156,-32.1055,-31.7056,-31.3156,-30.935,-30.5636,-29.7503,-28.7098,-27.6251,-26.4934,-25.3114,-24.0758,-22.7829,-21.4286,-20.0083,-18.5172,-16.9499,-15.3002,-13.5616,-11.7267,-9.78216,-7.72877,-5.55134,-3.23832,-0.783552,1.76918,4.16805,6.42571,8.55232,10.559,12.4601,14.2556,15.9577,17.5735,19.1094,20.5712,21.9642,23.293,24.562,25.7752,26.9361,28.0481,29.1142,30.1371,30.7035,31.0777,31.4612,31.8542,32.2571,32.6704,
-2.46, -50,-50,-50,-50,-50,-50,-50,-50,-50,-50,-50,-50,-50,-50,-50,-50,-50,-50,-50,-50,-50,-50,-50,-49.0697,-48.1423,-47.2494,-46.3889,-45.5592,-44.7586,-43.9856,-43.2389,-42.5171,-41.8189,-41.1433,-40.4892,-39.8555,-39.2413,-38.6458,-38.0681,-37.5073,-36.9628,-36.4339,-35.92,-35.4203,-34.9343,-34.4615,-34.0013,-33.5532,-33.1168,-32.6915,-32.2771,-31.873,-31.4788,-31.0943,-30.7191,-30.1762,-29.1535,-28.0878,-26.9762,-25.8157,-24.6032,-23.3349,-22.0069,-20.6149,-19.1543,-17.6197,-16.0054,-14.3051,-12.5116,-10.6126,-8.60819,-6.48427,-4.22976,-1.83369,0.716207,3.17536,5.49195,7.67239,9.72834,11.6744,13.5115,15.2521,16.9035,18.4723,19.9647,21.3861,22.7414,24.0351,25.2713,26.4539,27.5861,28.6712,29.712,30.5488,30.9193,31.2989,31.6878,32.0866,32.4954,32.9148,
-2.4, -50,-50,-50,-50,-50,-50,-50,-50,-50,-50,-50,-50,-50,-50,-50,-50,-50,-50,-50,-50,-50,-50,-49.4711,-48.5287,-47.6215,-46.7476,-45.9052,-45.0925,-44.3081,-43.5505,-42.8183,-42.1103,-41.4254,-40.7623,-40.1201,-39.4979,-38.8946,-38.3094,-37.7416,-37.1904,-36.655,-36.1348,-35.6292,-35.1375,-34.6592,-34.1937,-33.7406,-33.2993,-32.8694,-32.4505,-32.0421,-31.6438,-31.2553,-30.8761,-30.5061,-29.5896,-28.5423,-27.4503,-26.3108,-25.1206,-23.8762,-22.5739,-21.2094,-19.7782,-18.2754,-16.6954,-15.0321,-13.2788,-11.4278,-9.46653,-7.39415,-5.19599,-2.86024,-0.378062,2.15609,4.53394,6.77029,8.8774,10.87,12.7503,14.5307,16.2188,17.8216,19.3456,20.7962,22.1788,23.4979,24.7579,25.9627,27.1157,28.2203,29.2794,30.2959,30.7625,31.1382,31.5232,31.9178,32.3223,32.7373,33.163,
-2.34, -50,-50,-50,-50,-50,-50,-50,-50,-50,-50,-50,-50,-50,-50,-50,-50,-50,-50,-50,-50,-50,-49.8791,-48.9213,-47.9996,-47.1119,-46.2564,-45.4314,-44.6353,-43.8665,-43.1238,-42.4058,-41.7113,-41.0391,-40.3883,-39.7577,-39.1466,-38.5539,-37.9789,-37.4207,-36.8788,-36.3523,-35.8406,-35.3431,-34.8592,-34.3884,-33.9301,-33.4839,-33.0492,-32.6257,-32.213,-31.8105,-31.4179,-31.0348,-30.661,-30.0182,-28.9889,-27.9161,-26.797,-25.6285,-24.4074,-23.1299,-21.7921,-20.3896,-18.9175,-17.3707,-15.7433,-14.0287,-12.2197,-10.3045,-8.28183,-6.13793,-3.86158,-1.44554,1.11625,3.55075,5.84517,8.00538,10.0428,11.9713,13.7928,15.5189,17.1569,18.7134,20.1943,21.6049,22.9503,24.2347,25.4623,26.6367,27.7613,28.8393,29.8734,30.6072,30.9791,31.3602,31.7507,32.1511,32.5616,32.9827,33.4149,
-2.28, -50,-50,-50,-50,-50,-50,-50,-50,-50,-50,-50,-50,-50,-50,-50,-50,-50,-50,-50,-50,-50,-49.3203,-48.3836,-47.4818,-46.613,-45.7754,-44.9673,-44.1872,-43.4337,-42.7054,-42.0012,-41.3197,-40.66,-40.0211,-39.4018,-38.8015,-38.2191,-37.6539,-37.1053,-36.5723,-36.0545,-35.5511,-35.0615,-34.5852,-34.1217,-33.6705,-33.231,-32.8029,-32.3856,-31.9789,-31.5822,-31.1952,-30.8175,-30.4396,-29.4278,-28.3736,-27.2744,-26.1271,-24.9286,-23.6753,-22.3633,-20.9886,-19.5465,-18.0318,-16.439,-14.7619,-12.9936,-11.1264,-9.14811,-7.0565,-4.83732,-2.47851,0.0339671,2.54136,4.89616,7.1115,9.19939,11.1739,13.038,14.8033,16.4776,18.0677,19.5798,21.0194,22.3918,23.7014,24.9524,26.1488,27.2941,28.3913,29.4436,30.4535,30.8217,31.1988,31.5854,31.9815,32.3878,32.8044,33.2319,33.6707,
-2.22, -50,-50,-50,-50,-50,-50,-50,-50,-50,-50,-50,-50,-50,-50,-50,-50,-50,-50,-50,-50,-49.7258,-48.7738,-47.8576,-46.9751,-46.1246,-45.3043,-44.5126,-43.748,-43.0093,-42.2951,-41.6042,-40.9355,-40.2879,-39.6604,-39.0522,-38.4624,-37.8901,-37.3346,-36.7951,-36.2709,-35.7615,-35.2662,-34.7844,-34.3156,-33.8592,-33.4149,-32.982,-32.5602,-32.1491,-31.7482,-31.3571,-30.9756,-30.6032,-29.8592,-28.8232,-27.7433,-26.6166,-25.4401,-24.2103,-22.9235,-21.5758,-20.1626,-18.6791,-17.1199,-15.479,-13.75,-11.9254,-9.99374,-7.95254,-5.78841,-3.4899,-1.05122,1.5097,3.92233,6.19492,8.33518,10.3543,12.2656,14.0716,15.7834,17.4082,18.9524,20.422,21.8221,23.1576,24.4328,25.6518,26.8182,27.9353,29.0062,30.0337,30.6658,31.0391,31.4217,31.8138,32.2158,32.628,33.0509,33.4849,33.9304,
-2.16, -50,-50,-50,-50,-50,-50,-50,-50,-50,-50,-50,-50,-50,-50,-50,-50,-50,-50,-50,-50,-49.1703,-48.2393,-47.3429,-46.4791,-45.6463,-44.8427,-44.0669,-43.3175,-42.5931,-41.8926,-41.2146,-40.5583,-39.9225,-39.3063,-38.7088,-38.1292,-37.5667,-37.0205,-36.49,-35.9745,-35.4733,-34.9858,-34.5116,-34.0501,-33.6007,-33.1631,-32.7367,-32.3211,-31.9159,-31.5208,-31.1353,-30.7591,-30.2833,-29.265,-28.2039,-27.0973,-25.9421,-24.7352,-23.4729,-22.1513,-20.7663,-19.313,-17.7863,-16.1806,-14.4895,-12.7061,-10.8225,-8.82686,-6.71577,-4.47528,-2.0931,0.444822,2.92268,5.25478,7.4494,9.51833,11.475,13.3231,15.0737,16.7343,18.3118,19.8121,21.2409,22.6031,23.9032,25.1455,26.3336,27.4711,28.5611,29.6065,30.5114,30.881,31.2597,31.6478,32.0456,32.4534,32.8718,33.3011,33.7417,34.1942,
-2.1, -50,-50,-50,-50,-50,-50,-50,-50,-50,-50,-50,-50,-50,-50,-50,-50,-50,-50,-50,-49.5733,-48.6272,-47.7164,-46.8391,-45.9935,-45.1778,-44.3905,-43.6302,-42.8954,-42.1849,-41.4976,-40.8323,-40.188,-39.5636,-38.9584,-38.3713,-37.8017,-37.2488,-36.7117,-36.19,-35.6828,-35.1896,-34.7099,-34.2431,-33.7887,-33.3461,-32.915,-32.4949,-32.0854,-31.6861,-31.2966,-30.9165,-30.5456,-29.6992,-28.6565,-27.5694,-26.435,-25.2503,-24.0118,-22.7157,-21.3579,-19.9339,-18.4388,-16.8671,-15.2128,-13.4691,-11.6286,-9.68024,-7.62028,-5.43564,-3.11466,-0.650571,1.89672,4.29016,6.54124,8.66183,10.6637,12.5572,14.3479,16.0456,17.6574,19.1895,20.6478,22.0375,23.3633,24.6295,25.84,26.9984,28.1081,29.172,30.1929,30.7245,31.0994,31.4834,31.8771,32.2807,32.6947,33.1193,33.5551,34.0026,34.4621,
-2.04, -50,-50,-50,-50,-50,-50,-50,-50,-50,-50,-50,-50,-50,-50,-50,-50,-50,-50,-49.9829,-49.0213,-48.0959,-47.2048,-46.346,-45.5179,-44.7188,-43.9473,-43.2019,-42.4814,-41.7845,-41.11,-40.457,-39.8243,-39.2112,-38.6166,-38.0397,-37.4798,-36.9362,-36.4081,-35.8948,-35.3958,-34.9105,-34.4383,-33.9787,-33.5312,-33.0954,-32.6707,-32.2568,-31.8532,-31.4596,-31.0756,-30.7009,-30.1261,-29.1012,-28.0331,-26.919,-25.7559,-24.5405,-23.2691,-21.9378,-20.5423,-19.0778,-17.539,-15.9202,-14.215,-12.4162,-10.5134,-8.50276,-6.37192,-4.10982,-1.70689,0.848827,3.30011,5.60985,7.78404,9.83427,11.7733,13.6056,15.3416,16.9888,18.5538,20.0426,21.4606,22.8128,24.1036,25.3371,26.5171,27.6469,28.7297,29.7684,30.5695,30.9406,31.3208,31.7104,32.1098,32.5193,32.9395,33.3706,33.8131,34.2674,34.7342,
-1.98, -50,-50,-50,-50,-50,-50,-50,-50,-50,-50,-50,-50,-50,-50,-50,-50,-50,-50,-49.4218,-48.4814,-47.5761,-46.7039,-45.8631,-45.052,-44.2691,-43.5129,-42.782,-42.0753,-41.3916,-40.7296,-40.0885,-39.4673,-38.8649,-38.2807,-37.7138,-37.1634,-36.6288,-36.1093,-35.6044,-35.1134,-34.6358,-34.1709,-33.7184,-33.2777,-32.8483,-32.4299,-32.022,-31.6243,-31.2363,-30.8577,-30.4882,-29.5383,-28.4887,-27.3944,-26.2523,-25.0593,-23.8119,-22.5064,-21.1384,-19.7036,-18.1967,-16.6124,-14.9444,-13.1859,-11.3294,-9.364,-7.28501,-5.07959,-2.73583,-0.243452,2.2836,4.65433,6.88418,8.98536,10.9709,12.8462,14.6218,16.3056,17.9045,19.4247,20.8719,22.2513,23.5674,24.8246,26.0268,27.1773,28.2796,29.3366,30.351,30.7835,31.1598,31.5454,31.9406,32.3459,32.7615,33.188,33.6256,34.075,34.5365,35.0106,
-1.92, -50,-50,-50,-50,-50,-50,-50,-50,-50,-50,-50,-50,-50,-50,-50,-50,-50,-49.8288,-48.8731,-47.9532,-47.0674,-46.2136,-45.3902,-44.5956,-43.8283,-43.087,-42.3702,-41.6769,-41.006,-40.3562,-39.7267,-39.1165,-38.5248,-37.9506,-37.3934,-36.8522,-36.3265,-35.8155,-35.3187,-34.8355,-34.3653,-33.9077,-33.462,-33.028,-32.605,-32.1927,-31.7907,-31.3987,-31.0161,-30.6428,-29.9679,-28.9364,-27.8612,-26.7396,-25.5685,-24.3445,-23.0639,-21.7228,-20.3167,-18.8408,-17.2898,-15.6577,-13.9382,-12.1239,-10.2048,-8.17575,-6.02491,-3.7409,-1.3172,1.24616,3.67373,5.96141,8.11546,10.1473,12.069,13.8857,15.6073,17.2412,18.7938,20.2712,21.6786,23.0208,24.3024,25.5273,26.6992,27.8214,28.8972,29.9292,30.6279,31.0004,31.3821,31.7732,32.1742,32.5855,33.0074,33.4403,33.8847,34.341,34.8098,35.2915,
-1.86, -50,-50,-50,-50,-50,-50,-50,-50,-50,-50,-50,-50,-50,-50,-50,-50,-50,-49.2711,-48.3364,-47.4365,-46.5694,-45.7334,-44.9269,-44.1483,-43.3962,-42.6693,-41.9663,-41.286,-40.6275,-39.9895,-39.3713,-38.7719,-38.1905,-37.6262,-37.0784,-36.5462,-36.0291,-35.5264,-35.0375,-34.5619,-34.0991,-33.6484,-33.2095,-32.7819,-32.3652,-31.9589,-31.5627,-31.1762,-30.7991,-30.3902,-29.3763,-28.3199,-27.2182,-26.0683,-24.867,-23.6107,-22.2956,-20.9174,-19.4715,-17.9528,-16.3557,-14.6738,-12.9003,-11.0276,-9.04495,-6.94669,-4.72019,-2.35334,0.169168,2.66706,5.01486,7.2238,9.30584,11.2735,13.1326,14.8934,16.5634,18.1496,19.658,21.0942,22.4634,23.77,25.0184,26.2122,27.355,28.45,29.5001,30.4738,30.8426,31.2204,31.6075,32.0044,32.4113,32.8286,33.2569,33.6964,34.1477,34.6112,35.0874,35.5769,
-1.8, -50,-50,-50,-50,-50,-50,-50,-50,-50,-50,-50,-50,-50,-50,-50,-50,-49.6756,-48.7257,-47.8114,-46.9307,-46.0819,-45.2632,-44.473,-43.7099,-42.9726,-42.2596,-41.5699,-40.9024,-40.2559,-39.6295,-39.0223,-38.4334,-37.862,-37.3073,-36.7686,-36.2452,-35.7366,-35.2419,-34.7608,-34.2926,-33.8369,-33.3931,-32.9608,-32.5396,-32.1289,-31.7285,-31.338,-30.9569,-30.585,-29.8087,-28.7705,-27.6882,-26.559,-25.3798,-24.1471,-22.8573,-21.5062,-20.0894,-18.602,-17.0386,-15.3932,-13.6592,-11.8292,-9.89337,-7.8458,-5.67467,-3.36846,-0.9213,1.63699,4.04358,6.30954,8.44373,10.4573,12.3621,14.1633,15.8707,17.4915,19.0319,20.498,21.8948,23.2273,24.4997,25.7161,26.88,27.9948,29.0634,30.0889,30.6864,31.0604,31.4435,31.8363,32.2389,32.6518,33.0755,33.5102,33.9565,34.4148,34.8857,35.3695,35.867,
-1.74, -50,-50,-50,-50,-50,-50,-50,-50,-50,-50,-50,-50,-50,-50,-50,-50,-49.1212,-48.1922,-47.2977,-46.4356,-45.6045,-44.8025,-44.0282,-43.2801,-42.5571,-41.8578,-41.181,-40.5258,-39.891,-39.2759,-38.6794,-38.1007,-37.539,-36.9937,-36.464,-35.9492,-35.4487,-34.962,-34.4884,-34.0275,-33.5787,-33.1417,-32.7158,-32.3007,-31.8961,-31.5014,-31.1164,-30.7407,-30.2337,-29.2133,-28.1499,-27.0409,-25.8831,-24.6734,-23.4081,-22.0833,-20.6948,-19.2377,-17.707,-16.0969,-14.4011,-12.6125,-10.7232,-8.72306,-6.60527,-4.35742,-1.96713,0.577263,3.04662,5.37182,7.56014,9.62331,11.5734,13.4165,15.1626,16.8191,18.3926,19.8894,21.3148,22.6739,23.9711,25.2106,26.3962,27.5313,28.6191,29.6624,30.5317,30.9019,31.2812,31.6699,32.0683,32.4769,32.896,33.326,33.7674,34.2206,34.6862,35.1645,35.6562,36.1618,
-1.68, -50,-50,-50,-50,-50,-50,-50,-50,-50,-50,-50,-50,-50,-50,-50,-49.5232,-48.5791,-47.6703,-46.7948,-45.9509,-45.1368,-44.3511,-43.5921,-42.8587,-42.1496,-41.4635,-40.7993,-40.1561,-39.5328,-38.9285,-38.3424,-37.7737,-37.2216,-36.6854,-36.1644,-35.6579,-35.1655,-34.6864,-34.2203,-33.7664,-33.3245,-32.894,-32.4744,-32.0654,-31.6666,-31.2775,-30.8979,-30.5274,-29.6485,-28.6035,-27.5141,-26.3772,-25.1898,-23.9484,-22.6491,-21.288,-19.8604,-18.3614,-16.7855,-15.1266,-13.3779,-11.532,-9.57924,-7.51286,-5.32118,-2.99246,-0.519024,2.02293,4.40974,6.65427,8.76888,10.7659,12.6525,14.4385,16.1319,17.7396,19.2681,20.7229,22.1094,23.4322,24.6956,25.9035,27.0595,28.1668,29.2286,30.2474,30.7451,31.1205,31.5052,31.8995,32.3038,32.7184,33.1438,33.5804,34.0286,34.4889,34.9618,35.4478,35.9475,36.4615,
-1.62, -50,-50,-50,-50,-50,-50,-50,-50,-50,-50,-50,-50,-50,-50,-49.9318,-48.9723,-48.0489,-47.1596,-46.3026,-45.4762,-44.6787,-43.9086,-43.1647,-42.4454,-41.7498,-41.0765,-40.4246,-39.793,-39.1809,-38.5872,-38.0113,-37.4523,-36.9095,-36.3821,-35.8696,-35.3714,-34.8867,-34.4152,-33.9562,-33.5094,-33.0741,-32.6499,-32.2365,-31.8335,-31.4403,-31.0568,-30.6825,-30.0763,-29.0493,-27.9789,-26.8624,-25.6967,-24.4784,-23.204,-21.8695,-20.4705,-19.0022,-17.4594,-15.8362,-14.1262,-12.3222,-10.4151,-8.39829,-6.26072,-3.9912,-1.58138,0.978603,3.42234,5.72528,7.89326,9.93782,11.8705,13.6979,15.4295,17.0725,18.6337,20.1189,21.5336,22.8827,24.1706,25.4015,26.579,27.7064,28.7871,29.8237,30.5898,30.9615,31.3422,31.7325,32.1325,32.5428,32.9636,33.3954,33.8387,34.2939,34.7614,35.2419,35.7358,36.2437,36.7662,
-1.56, -50,-50,-50,-50,-50,-50,-50,-50,-50,-50,-50,-50,-50,-50,-49.3718,-48.4334,-47.53,-46.6597,-45.8206,-45.0111,-44.2297,-43.4749,-42.7455,-42.04,-41.3575,-40.6967,-40.0567,-39.4365,-38.8352,-38.2519,-37.6858,-37.1363,-36.6025,-36.0838,-35.5797,-35.0894,-34.6124,-34.1482,-33.6963,-33.2561,-32.8274,-32.4095,-32.0021,-31.6048,-31.2173,-30.8392,-30.4701,-29.4873,-28.4355,-27.3388,-26.1942,-24.9985,-23.7482,-22.4396,-21.0683,-19.6298,-18.119,-16.5304,-14.8578,-13.0943,-11.2323,-9.26234,-7.1769,-4.96439,-2.61283,-0.110216,2.40861,4.77226,6.99567,9.09096,11.0701,12.9403,14.7113,16.3909,17.9858,19.5023,20.9461,22.3223,23.6355,24.89,26.0895,27.2377,28.3377,29.3925,30.4049,30.804,31.1809,31.5671,31.963,32.3689,32.7853,33.2124,33.6509,34.101,34.5633,35.0383,35.5265,36.0285,36.5448,37.0761,
-1.5, -50,-50,-50,-50,-50,-50,-50,-50,-50,-50,-50,-50,-50,-49.7778,-48.8241,-47.9063,-47.0223,-46.1703,-45.3485,-44.5555,-43.7897,-43.0497,-42.3343,-41.6423,-40.9725,-40.3239,-39.6954,-39.0863,-38.4955,-37.9223,-37.3659,-36.8256,-36.3006,-35.7904,-35.2943,-34.8118,-34.3423,-33.8853,-33.4402,-33.0067,-32.5843,-32.1726,-31.7711,-31.3795,-30.9974,-30.6246,-29.9178,-28.8842,-27.8067,-26.6827,-25.5089,-24.2821,-22.9985,-21.6541,-20.2445,-18.7649,-17.2098,-15.5733,-13.849,-12.0295,-10.1058,-8.07059,-5.91297,-3.6215,-1.19011,1.37336,3.79429,6.07527,8.2232,10.2494,12.165,13.9769,15.6941,17.3239,18.8728,20.3466,21.7507,23.09,24.3687,25.5909,26.7604,27.8803,28.9539,29.9838,30.6481,31.0212,31.4035,31.7952,32.1969,32.6088,33.0314,33.4651,33.9102,34.3674,34.837,35.3196,35.8157,36.3259,36.8509,37.3912,
-1.44, -50,-50,-50,-50,-50,-50,-50,-50,-50,-50,-50,-50,-50,-49.2212,-48.2885,-47.3905,-46.5253,-45.691,-44.8861,-44.109,-43.3584,-42.6328,-41.9311,-41.252,-40.5946,-39.9578,-39.3406,-38.7422,-38.1617,-37.5983,-37.0513,-36.52,-36.0037,-35.5017,-35.0136,-34.5386,-34.0764,-33.6264,-33.1881,-32.761,-32.3448,-31.9391,-31.5434,-31.1573,-30.7806,-30.341,-29.325,-28.2664,-27.1624,-26.01,-24.8059,-23.5467,-22.2284,-20.8469,-19.3974,-17.8747,-16.2733,-14.5868,-12.8083,-10.9301,-8.94262,-6.83786,-4.60423,-2.22951,0.301614,2.79036,5.13119,7.33378,9.41002,11.3714,13.2256,14.9818,16.6476,18.2299,19.7347,21.1676,22.5336,23.8373,25.0829,26.2742,27.4146,28.5074,29.5554,30.4937,30.8631,31.2415,31.6292,32.0267,32.4343,32.8523,33.2813,33.7216,34.1736,34.638,35.1151,35.6054,36.1097,36.6284,37.1622,37.7117,
-1.38, -50,-50,-50,-50,-50,-50,-50,-50,-50,-50,-50,-50,-49.6246,-48.6768,-47.7645,-46.8857,-46.0387,-45.2216,-44.433,-43.6714,-42.9354,-42.2238,-41.5354,-40.869,-40.2236,-39.5983,-38.9921,-38.4042,-37.8337,-37.2799,-36.742,-36.2195,-35.7115,-35.2176,-34.7372,-34.2697,-33.8146,-33.3714,-32.9397,-32.519,-32.1089,-31.709,-31.3189,-30.9383,-30.5668,-29.7583,-28.718,-27.6335,-26.5018,-25.3199,-24.0844,-22.7915,-21.4372,-20.0169,-18.5257,-16.9582,-15.3084,-13.5695,-11.7343,-9.79373,-7.73994,-5.56198,-3.24826,-0.792571,1.7617,4.16252,6.42187,8.55003,10.5581,12.4568,14.2534,15.9565,17.5732,19.1099,20.5725,21.9661,23.2956,24.5653,25.779,26.9405,28.0529,29.1195,30.1429,30.7066,31.0811,31.4649,31.8582,32.2615,32.6752,33.0995,33.535,33.982,34.4412,34.9128,35.3976,35.8959,36.4085,36.9359,37.4787,38.0378,
-1.32, -50,-50,-50,-50,-50,-50,-50,-50,-50,-50,-50,-50,-49.0714,-48.1444,-47.2518,-46.3916,-45.5621,-44.7617,-43.9889,-43.2423,-42.5206,-41.8226,-41.1471,-40.493,-39.8594,-39.2452,-38.6497,-38.072,-37.5112,-36.9668,-36.4378,-35.9238,-35.4241,-34.9381,-34.4652,-34.0049,-33.5568,-33.1203,-32.695,-32.2804,-31.8763,-31.4821,-31.0976,-30.7223,-30.1842,-29.1618,-28.0962,-26.9848,-25.8244,-24.612,-23.3437,-22.0158,-20.6239,-19.1632,-17.6286,-16.0142,-14.3137,-12.52,-10.6247,-8.62003,-6.4957,-4.24066,-1.84361,0.707094,3.16827,5.4866,7.66866,9.7261,11.6701,13.5084,15.2499,16.9022,18.472,19.9652,21.3873,22.7433,24.0376,25.2745,26.4576,27.5903,28.6759,29.7171,30.5516,30.9224,31.3022,31.6915,32.0906,32.4999,32.9196,33.3504,33.7926,34.2466,34.7129,35.1921,35.6847,36.1912,36.7123,37.2486,37.8008,38.3695,
-1.26, -50,-50,-50,-50,-50,-50,-50,-50,-50,-50,-50,-49.4724,-48.5304,-47.6235,-46.7499,-45.9077,-45.0953,-44.3111,-43.5536,-42.8216,-42.1138,-41.4289,-40.766,-40.1239,-39.5016,-38.8984,-38.3133,-37.7455,-37.1943,-36.6589,-36.1387,-35.633,-35.1413,-34.6629,-34.1974,-33.7442,-33.3028,-32.8729,-32.4539,-32.0454,-31.6471,-31.2585,-30.8794,-30.5093,-29.5978,-28.5508,-27.459,-26.3197,-25.1296,-23.8854,-22.5831,-21.2187,-19.7876,-18.2848,-16.7047,-15.0413,-13.2878,-11.4366,-9.47892,-7.40628,-5.20772,-2.87142,-0.388603,2.14743,4.52709,6.76511,8.87377,10.8646,12.7461,14.5275,16.2166,17.8204,19.3452,20.7966,22.1799,23.4997,24.7604,25.9657,27.1193,28.2244,29.284,30.3009,30.7652,31.1412,31.5265,31.9215,32.3264,32.7417,33.1678,33.6051,34.0541,34.5152,34.989,35.4759,35.9765,36.4914,37.0212,37.5667,38.1284,38.7071,
-1.2, -50,-50,-50,-50,-50,-50,-50,-50,-50,-50,-49.8799,-48.9225,-48.0011,-47.1138,-46.2586,-45.4338,-44.638,-43.8694,-43.1269,-42.409,-41.7147,-41.0426,-40.3919,-39.7614,-39.1503,-38.5576,-37.9826,-37.4245,-36.8826,-36.356,-35.8443,-35.3468,-34.8629,-34.392,-33.9337,-33.4874,-33.0527,-32.6292,-32.2163,-31.8137,-31.4211,-31.0381,-30.6642,-30.0265,-28.9974,-27.9248,-26.8059,-25.6377,-24.4167,-23.1393,-21.8016,-20.3992,-18.9273,-17.3805,-15.753,-14.0383,-12.2292,-10.3174,-8.29454,-6.15038,-3.87363,-1.45687,1.10591,3.54238,5.83855,8.00035,10.0393,11.966,13.7887,15.5158,17.1547,18.7121,20.1938,21.6052,22.9513,24.2364,25.4646,26.6396,27.7648,28.8432,29.8778,30.6096,30.9819,31.3632,31.7541,32.1548,32.5657,32.9872,33.4198,33.8638,34.3197,34.7881,35.2695,35.7642,36.2731,36.7966,37.3354,37.8902,38.4617,39.0506,
-1.14, -50,-50,-50,-50,-50,-50,-50,-50,-50,-50,-49.321,-48.3847,-47.4833,-46.6148,-45.7775,-44.9697,-44.1898,-43.4365,-42.7084,-42.0043,-41.323,-40.6634,-40.0246,-39.4054,-38.8051,-38.2228,-37.6577,-37.109,-36.5761,-36.0582,-35.5548,-35.0652,-34.5889,-34.1254,-33.6741,-33.2346,-32.8064,-32.389,-31.9822,-31.5854,-31.1984,-30.8207,-30.4478,-29.4363,-28.3824,-27.2834,-26.1363,-24.938,-23.6849,-22.3731,-20.9985,-19.5565,-18.0419,-16.4492,-14.7721,-13.0037,-11.1364,-9.16131,-7.06956,-4.85011,-2.49093,0.0219421,2.53146,4.88807,7.10507,9.19449,11.1675,13.0328,14.7993,16.4746,18.0656,19.5785,21.019,22.392,23.7023,24.954,26.151,27.2968,28.3946,29.4474,30.4556,30.8241,31.2016,31.5884,31.9849,32.3915,32.8085,33.2364,33.6755,34.1264,34.5896,35.0654,35.5545,36.0574,36.5746,37.1069,37.6549,38.2193,38.8009,39.4003,
-1.08, -50,-50,-50,-50,-50,-50,-50,-50,-50,-49.7259,-48.7744,-47.8586,-46.9765,-46.1263,-45.3063,-44.5148,-43.7506,-43.012,-42.298,-41.6073,-40.9387,-40.2912,-39.6639,-39.0557,-38.466,-37.8937,-37.3382,-36.7987,-36.2746,-35.7652,-35.2698,-34.788,-34.3192,-33.8628,-33.4184,-32.9855,-32.5636,-32.1524,-31.7514,-31.3604,-30.9788,-30.6064,-29.8677,-28.832,-27.7523,-26.6259,-25.4496,-24.22,-22.9335,-21.5859,-20.1729,-18.6895,-17.1304,-15.4897,-13.7606,-11.936,-10.0073,-7.96611,-5.80185,-3.50309,-1.06395,1.49824,3.91276,6.18708,8.32892,10.3495,12.2594,14.0665,15.7794,17.4051,18.9503,20.4207,21.8215,23.1578,24.4337,25.6533,26.8203,27.938,29.0094,30.0373,30.6679,31.0415,31.4244,31.8168,32.2191,32.6317,33.055,33.4894,33.9353,34.3932,34.8636,35.3471,35.8441,36.3553,36.8812,37.4226,37.98,38.5542,39.1461,39.7564,
-1.02, -50,-50,-50,-50,-50,-50,-50,-50,-50,-49.1704,-48.2399,-47.3438,-46.4804,-45.6479,-44.8447,-44.0691,-43.32,-42.5958,-41.8954,-41.2176,-40.5614,-39.9257,-39.3096,-38.7122,-38.1327,-37.5702,-37.0241,-36.4936,-35.9781,-35.4769,-34.9894,-34.5152,-34.0536,-33.6042,-33.1665,-32.7401,-32.3244,-31.9192,-31.524,-31.1385,-30.7622,-30.2917,-29.2737,-28.2129,-27.1066,-25.9517,-24.745,-23.483,-22.1617,-20.7768,-19.3237,-17.7972,-16.1916,-14.5006,-12.7172,-10.8336,-8.84086,-6.72974,-4.48913,-2.10672,0.431704,2.91163,5.24552,7.44178,9.51223,11.4678,13.317,15.0687,16.7304,18.3088,19.81,21.2396,22.6025,23.9034,25.1463,26.335,27.4731,28.5637,29.6096,30.5132,30.8831,31.2621,31.6504,32.0486,32.4568,32.8755,33.3052,33.7462,34.1991,34.6642,35.1421,35.6334,36.1385,36.6582,37.193,37.7436,38.3107,38.8951,39.4975,40.1189,
-0.960002, -50,-50,-50,-50,-50,-50,-50,-50,-49.5728,-48.6272,-47.7169,-46.84,-45.9947,-45.1793,-44.3924,-43.6323,-42.8977,-42.1875,-41.5003,-40.8352,-40.191,-39.5668,-38.9616,-38.3747,-37.8051,-37.2522,-36.7152,-36.1935,-35.6863,-35.1932,-34.7135,-34.2466,-33.7922,-33.3496,-32.9185,-32.4983,-32.0888,-31.6894,-31.2998,-30.9197,-30.5487,-29.7079,-28.6655,-27.5787,-26.4446,-25.2602,-24.022,-22.7261,-21.3686,-19.9448,-18.4499,-16.8784,-15.2242,-13.4806,-11.6403,-9.69458,-7.63469,-5.45004,-3.12896,-0.664689,1.88423,4.27948,6.53225,8.6544,10.657,12.5501,14.342,16.0408,17.6535,19.1865,20.6457,22.0362,23.3627,24.6296,25.8407,26.9998,28.11,29.1744,30.1958,30.7263,31.1014,31.4858,31.8798,32.2837,32.698,33.123,33.5592,34.007,34.467,34.9394,35.425,35.9243,36.4378,36.9662,37.5101,38.0702,38.6472,39.242,39.8553,40.488,
-0.900002, -50,-50,-50,-50,-50,-50,-50,-49.9818,-49.0207,-48.0958,-47.2051,-46.3468,-45.519,-44.7203,-43.9491,-43.204,-42.4837,-41.7869,-41.1127,-40.4598,-39.8273,-39.2142,-38.6197,-38.043,-37.4832,-36.9396,-36.4115,-35.8983,-35.3993,-34.914,-34.4418,-33.9822,-33.5347,-33.0988,-32.6741,-32.2601,-31.8565,-31.4628,-31.0788,-30.704,-30.1346,-29.1101,-28.0423,-26.9286,-25.7658,-24.5507,-23.2796,-21.9486,-20.5534,-19.0891,-17.5505,-15.932,-14.2269,-12.4283,-10.528,-8.51752,-6.38678,-4.1247,-1.72143,0.834724,3.28799,5.59948,7.7753,9.82703,11.7653,13.5987,15.3358,16.984,18.55,20.0396,21.4584,22.8114,24.1029,25.3371,26.5177,27.6481,28.7315,29.7708,30.5711,30.9424,31.3228,31.7127,32.1124,32.5223,32.9428,33.3743,33.8171,34.2719,34.7391,35.2191,35.7126,36.22,36.7421,37.2794,37.8326,38.4024,38.9897,39.5951,40.2196,40.8641,
-0.840002, -50,-50,-50,-50,-50,-50,-50,-49.4206,-48.4807,-47.5759,-46.7042,-45.8638,-45.0531,-44.2705,-43.5146,-42.784,-42.0775,-41.3939,-40.7322,-40.0912,-39.4701,-38.8679,-38.2838,-37.717,-37.1666,-36.6321,-36.1127,-35.6078,-35.1169,-34.6392,-34.1744,-33.7218,-33.2811,-32.8517,-32.4333,-32.0254,-31.6275,-31.2395,-30.8608,-30.4912,-29.547,-28.4978,-27.4039,-26.2621,-25.0695,-23.8225,-22.5172,-21.1496,-19.715,-18.2085,-16.6244,-14.9566,-13.1983,-11.342,-9.37902,-7.30023,-5.09493,-2.75121,-0.258933,2.27005,4.64259,6.87412,8.97685,10.9618,12.8383,14.6151,16.2999,17.8998,19.4209,20.869,22.2491,23.566,24.824,26.0267,27.1779,28.2808,29.3383,30.3532,30.7849,31.1615,31.5474,31.943,32.3485,32.7645,33.1913,33.6293,34.0791,34.541,35.0155,35.5033,36.0048,36.5207,37.0515,37.5979,38.1607,38.7406,39.3383,39.9547,40.5906,41.2472,
-0.780002, -50,-50,-50,-50,-50,-50,-49.827,-48.8718,-47.9525,-47.0671,-46.2138,-45.3908,-44.5966,-43.8296,-43.0886,-42.3721,-41.679,-41.0083,-40.3587,-39.7293,-39.1193,-38.5277,-37.9537,-37.3965,-36.8554,-36.3297,-35.8188,-35.3221,-34.8389,-34.3687,-33.911,-33.4654,-33.0313,-32.6083,-32.196,-31.794,-31.4019,-31.0193,-30.6459,-29.9765,-28.9454,-27.8706,-26.7494,-25.5786,-24.355,-23.0748,-21.734,-20.3282,-18.8527,-17.3019,-15.6702,-13.9509,-12.1369,-10.22,-8.19124,-6.04062,-3.75677,-1.333,1.23117,3.66062,5.95003,8.10567,10.1389,12.0602,13.878,15.6007,17.2356,18.7892,20.2674,21.6756,23.0187,24.301,25.5266,26.6991,27.822,28.8983,29.9308,30.6291,31.0018,31.3838,31.7752,32.1765,32.5881,33.0103,33.4436,33.8883,34.3451,34.8143,35.2964,35.7921,36.3019,36.8263,37.3661,37.922,38.4946,39.0847,39.6931,40.3208,40.9686,41.6375,
-0.720002, -50,-50,-50,-50,-50,-50,-49.2692,-48.3351,-47.4357,-46.5691,-45.7336,-44.9275,-44.1492,-43.3974,-42.6708,-41.968,-41.288,-40.6297,-39.992,-39.3739,-38.7747,-38.1933,-37.6292,-37.0814,-36.5493,-36.0323,-35.5296,-35.0408,-34.5652,-34.1024,-33.6518,-33.2128,-32.7852,-32.3685,-31.9622,-31.5659,-31.1794,-30.8022,-30.3986,-29.3851,-28.3291,-27.2278,-26.0784,-24.8774,-23.6215,-22.3068,-20.929,-19.4835,-17.9651,-16.3683,-14.6868,-12.9136,-11.0411,-9.06063,-6.96268,-4.73644,-2.36977,0.152546,2.65258,5.00215,7.21274,9.29631,11.2637,13.124,14.8859,16.557,18.1441,19.6534,21.0905,22.4605,23.7679,25.0169,26.2114,27.3548,28.4504,29.5011,30.4748,30.8438,31.2218,31.6092,32.0064,32.4136,32.8313,33.2598,33.6997,34.1514,34.6153,35.0919,35.5819,36.0856,36.6039,37.1371,37.6862,38.2517,38.8343,39.435,40.0545,40.6937,41.3536,42.0353,
-0.660002, -50,-50,-50,-50,-50,-49.673,-48.7238,-47.81,-46.9299,-46.0815,-45.2632,-44.4735,-43.7107,-42.9737,-42.2611,-41.5716,-40.9043,-40.258,-39.6318,-39.0248,-38.436,-37.8647,-37.3102,-36.7716,-36.2483,-35.7397,-35.2451,-34.764,-34.2959,-33.8402,-33.3964,-32.9641,-32.5428,-32.1322,-31.7317,-31.3411,-30.9601,-30.5881,-29.8173,-28.7795,-27.6977,-26.5689,-25.3901,-24.1579,-22.8684,-21.5177,-20.1014,-18.6144,-17.0514,-15.4063,-13.6727,-11.843,-9.90917,-7.86199,-5.69121,-3.38529,-0.938322,1.62121,4.02956,6.29721,8.43297,10.448,12.3524,14.1549,15.8634,17.4851,19.0265,20.4935,21.8912,23.2244,24.4976,25.7146,26.8792,27.9946,29.0638,30.0898,30.6873,31.0615,31.4449,31.8379,32.2409,32.6541,33.0781,33.5131,33.9598,34.4185,34.8897,35.374,35.8719,36.384,36.9109,37.4533,38.0117,38.5871,39.1801,39.7916,40.4224,41.0736,41.746,42.4407,
-0.600002, -50,-50,-50,-50,-50,-49.1187,-48.1903,-47.2962,-46.4348,-45.604,-44.8025,-44.0286,-43.2809,-42.5582,-41.8591,-41.1826,-40.5276,-39.8931,-39.2781,-38.6818,-38.1033,-37.5418,-36.9965,-36.4669,-35.9522,-35.4518,-34.9651,-34.4916,-34.0307,-33.582,-33.1449,-32.719,-32.3039,-31.8993,-31.5046,-31.1195,-30.7438,-30.2421,-29.2221,-28.1592,-27.0506,-25.8933,-24.684,-23.4192,-22.0948,-20.7067,-19.2501,-17.7198,-16.1102,-14.4147,-12.6265,-10.7376,-8.73937,-6.622,-4.37453,-1.98457,0.559911,3.03128,5.35822,7.54816,9.61283,11.5628,13.4071,15.1543,16.8119,18.3864,19.8841,21.3104,22.6702,23.9682,25.2085,26.3948,27.5305,28.6189,29.6628,30.5324,30.9028,31.2823,31.6713,32.07,32.4788,32.8982,33.3286,33.7703,34.2239,34.6898,35.1686,35.6607,36.1668,36.6874,37.2232,37.7748,38.343,38.9285,39.5321,40.1547,40.7972,41.4606,42.1458,42.8541,
-0.540002, -50,-50,-50,-50,-49.52,-48.5765,-47.6683,-46.7934,-45.95,-45.1363,-44.351,-43.5925,-42.8594,-42.1506,-41.4647,-40.8008,-40.1578,-39.5348,-38.9307,-38.3448,-37.7762,-37.2242,-36.6881,-36.1672,-35.6609,-35.1685,-34.6895,-34.2234,-33.7696,-33.3276,-32.8971,-32.4776,-32.0685,-31.6697,-31.2806,-30.901,-30.5305,-29.6571,-28.6126,-27.5236,-26.3872,-25.2003,-23.9593,-22.6606,-21.2999,-19.8728,-18.3742,-16.7988,-15.1403,-13.3921,-11.5466,-9.59561,-7.52972,-5.3385,-3.01019,-0.537241,2.00628,4.39488,6.64107,8.75722,10.7544,12.6421,14.4294,16.1238,17.7326,19.262,20.7177,22.105,23.4286,24.6927,25.9013,27.058,28.166,29.2283,30.2477,30.7457,31.1214,31.5063,31.9009,32.3054,32.7204,33.1461,33.583,34.0315,34.4922,34.9655,35.4519,35.9521,36.4665,36.9958,37.5407,38.1019,38.68,39.276,39.8905,40.5246,41.179,41.855,42.5534,43.2755,
-0.480002, -50,-50,-50,-49.9278,-48.969,-48.0462,-47.1575,-46.3011,-45.4752,-44.6781,-43.9085,-43.1649,-42.446,-41.7507,-41.0777,-40.4261,-39.7947,-39.1828,-38.5893,-38.0136,-37.4547,-36.912,-36.3848,-35.8724,-35.3742,-34.8897,-34.4182,-33.9593,-33.5124,-33.0771,-32.653,-32.2396,-31.8366,-31.4434,-31.0599,-30.6856,-30.0846,-29.0581,-27.9882,-26.8722,-25.7069,-24.4892,-23.2153,-21.8813,-20.4827,-19.0149,-17.4726,-15.8499,-14.1404,-12.3369,-10.4315,-8.41519,-6.27815,-4.00914,-1.59957,0.96062,3.40623,5.71087,7.88043,9.92646,11.8593,13.6879,15.4206,17.0646,18.6268,20.1129,21.5285,22.8784,24.1671,25.3987,26.5768,27.7049,28.7862,29.8233,30.5902,30.962,31.343,31.7335,32.1338,32.5443,32.9655,33.3976,33.8412,34.2968,34.7647,35.2456,35.7399,36.2482,36.7712,37.3095,37.8638,38.4347,39.0231,39.6297,40.2554,40.9012,41.568,42.2569,42.969,43.7054,
-0.420002, -50,-50,-50,-49.3677,-48.4301,-47.5274,-46.6576,-45.8191,-45.0101,-44.2291,-43.4748,-42.7457,-42.0406,-41.3583,-40.6979,-40.0581,-39.4381,-38.837,-38.2539,-37.688,-37.1386,-36.605,-36.0864,-35.5824,-35.0922,-34.6152,-34.1511,-33.6992,-33.2592,-32.8304,-32.4125,-32.0052,-31.6079,-31.2204,-30.8422,-30.4731,-29.4959,-28.4446,-27.3484,-26.2043,-25.0091,-23.7593,-22.4511,-21.0804,-19.6424,-18.1322,-16.5441,-14.872,-13.1091,-11.2476,-9.27922,-7.19438,-4.98244,-2.63143,-0.12959,2.39125,4.75665,6.98168,9.07848,11.0579,12.9293,14.7015,16.3821,17.9781,19.4956,20.9403,22.3173,23.6313,24.8865,26.0867,27.2355,28.3362,29.3916,30.4046,30.8043,31.1814,31.5679,31.964,32.3702,32.7868,33.2143,33.653,34.1035,34.5662,35.0415,35.5302,36.0326,36.5493,37.0811,37.6286,38.1924,38.7734,39.3722,39.9898,40.6271,41.285,41.9645,42.6666,43.3927,44.1438,
-0.360002, -50,-50,-49.773,-48.8201,-47.903,-47.0196,-46.1681,-45.3469,-44.5544,-43.789,-43.0495,-42.3345,-41.6428,-40.9733,-40.3249,-39.6968,-39.0878,-38.4973,-37.9243,-37.368,-36.8278,-36.303,-35.793,-35.297,-34.8146,-34.3451,-33.8881,-33.4431,-33.0097,-32.5873,-32.1756,-31.7741,-31.3825,-31.0004,-30.6276,-29.9261,-28.8929,-27.816,-26.6925,-25.5193,-24.293,-23.0099,-21.6661,-20.257,-18.7779,-17.2234,-15.5875,-13.8637,-12.0448,-10.1226,-8.08805,-5.93106,-3.64022,-1.20934,1.35485,3.77748,6.06013,8.20961,10.2372,12.1531,13.9662,15.6845,17.3154,18.8652,20.34,21.745,23.085,24.3645,25.5875,26.7576,27.8782,28.9523,29.9829,30.6482,31.0215,31.404,31.796,32.1979,32.6101,33.033,33.4669,33.9124,34.3699,34.8399,35.3228,35.8194,36.33,36.8554,37.3962,37.9531,38.5268,39.118,39.7277,40.3566,41.0057,41.676,42.3685,43.0844,43.8249,44.5911,
-0.300002, -50,-50,-49.2164,-48.2845,-47.3872,-46.5225,-45.6888,-44.8845,-44.1079,-43.3576,-42.6325,-41.9311,-41.2524,-40.5953,-39.9588,-39.3419,-38.7437,-38.1634,-37.6002,-37.0534,-36.5222,-36.006,-35.5042,-35.0161,-34.5413,-34.0791,-33.6292,-33.1909,-32.7639,-32.3478,-31.942,-31.5463,-31.1603,-30.7836,-30.349,-29.3335,-28.2754,-27.1719,-26.02,-24.8165,-23.5579,-22.2402,-20.8592,-19.4103,-17.8882,-16.2874,-14.6015,-12.8236,-10.946,-8.95998,-6.85592,-4.62298,-2.24894,0.281594,2.77239,5.11492,7.31908,9.3968,11.3586,13.214,14.9714,16.6383,18.2215,19.7273,21.1611,22.5279,23.8324,25.0788,26.2708,27.4119,28.5052,29.5538,30.4936,30.8631,31.2417,31.6297,32.0274,32.4352,32.8536,33.2828,33.7234,34.1758,34.6404,35.1179,35.6087,36.1133,36.6325,37.1667,37.7168,38.2833,38.8671,39.4689,40.0896,40.7301,41.3914,42.0745,42.7804,43.5104,44.2657,45.0476,
-0.240002, -50,-49.6191,-48.6721,-47.7605,-46.8823,-46.0359,-45.2194,-44.4313,-43.6702,-42.9346,-42.2234,-41.5354,-40.8693,-40.2243,-39.5993,-38.9933,-38.4056,-37.8353,-37.2817,-36.744,-36.2216,-35.7138,-35.2201,-34.7397,-34.2723,-33.8173,-33.3741,-32.9425,-32.5218,-32.1117,-31.7118,-31.3218,-30.9412,-30.5698,-29.7665,-28.7267,-27.6427,-26.5116,-25.3303,-24.0953,-22.803,-21.4493,-20.0296,-18.539,-16.9721,-15.3229,-13.5847,-11.7502,-9.81094,-7.7579,-5.58069,-3.26771,-0.812794,1.74276,4.14511,6.40608,8.53575,10.5452,12.4444,14.2421,15.9463,17.564,19.1018,20.5653,21.9598,23.29,24.5604,25.7749,26.9371,28.0502,29.1173,30.1413,30.7064,31.0811,31.4651,31.8587,32.2622,32.6761,33.1007,33.5365,33.9838,34.4433,34.9153,35.4004,35.8992,36.4122,36.94,37.4833,38.0428,38.6193,39.2134,39.8261,40.4582,41.1107,41.7845,42.4807,43.2004,43.9449,44.7155,45.5136,
-0.180002, -50,-49.0659,-48.1397,-47.2477,-46.3882,-45.5593,-44.7595,-43.9872,-43.2411,-42.5198,-41.8222,-41.147,-40.4933,-39.86,-39.2461,-38.6508,-38.0733,-37.5128,-36.9685,-36.4398,-35.9259,-35.4263,-34.9404,-34.4676,-34.0075,-33.5594,-33.123,-32.6977,-32.2832,-31.8791,-31.485,-31.1004,-30.7252,-30.1921,-29.1701,-28.1051,-26.9942,-25.8345,-24.6226,-23.3549,-22.0276,-20.6363,-19.1763,-17.6423,-16.0285,-14.3287,-12.5357,-10.6417,-8.63783,-6.51429,-4.26005,-1.86351,0.686715,3.14976,5.46974,7.65334,9.71222,11.6568,13.4963,15.239,16.8923,18.4631,19.9572,21.3802,22.737,24.0321,25.2697,26.4535,27.5869,28.6731,29.715,30.5512,30.9221,31.3022,31.6917,32.091,32.5005,32.9205,33.3516,33.794,34.2483,34.715,35.1945,35.6875,36.1944,36.716,37.2527,37.8053,38.3746,38.9612,39.566,40.1898,40.8336,41.4984,42.185,42.8947,43.6287,44.3882,45.1746,45.9892,
-0.120002, -49.466,-48.5248,-47.6188,-46.7458,-45.9043,-45.0925,-44.3088,-43.5519,-42.8203,-42.1129,-41.4285,-40.7659,-40.1241,-39.5022,-38.8992,-38.3143,-37.7468,-37.1958,-36.6606,-36.1405,-35.635,-35.1434,-34.6652,-34.1998,-33.7467,-33.3054,-32.8755,-32.4566,-32.0481,-31.6498,-31.2613,-30.8822,-30.5122,-29.6059,-28.5593,-27.4681,-26.3294,-25.1399,-23.8962,-22.5946,-21.2308,-19.8004,-18.2982,-16.7189,-15.0562,-13.3034,-11.4529,-9.49651,-7.42469,-5.22698,-2.89154,-0.409765,2.12783,4.50917,6.74876,8.85889,10.8505,12.7332,14.5157,16.2059,17.8107,19.3364,20.7888,22.1729,23.4936,24.755,25.961,27.1153,28.221,29.2812,30.2987,30.7648,31.141,31.5264,31.9216,32.3267,32.7423,33.1687,33.6063,34.0555,34.5169,34.991,35.4783,35.9793,36.4946,37.0249,37.5708,38.1329,38.7122,39.3092,39.925,40.5603,41.2161,41.8934,42.5933,43.317,44.0656,44.8405,45.6431,46.4749,
-0.0600019, -48.9162,-47.9956,-47.109,-46.2545,-45.4304,-44.6351,-43.8671,-43.1251,-42.4077,-41.7137,-41.0421,-40.3917,-39.7616,-39.1507,-38.5584,-37.9836,-37.4258,-36.884,-36.3577,-35.8461,-35.3488,-34.865,-34.3943,-33.936,-33.4899,-33.0552,-32.6317,-32.2189,-31.8164,-31.4238,-31.0408,-30.667,-30.0341,-29.0056,-27.9336,-26.8153,-25.6476,-24.4272,-23.1505,-21.8135,-20.4117,-18.9405,-17.3944,-15.7676,-14.0536,-12.2453,-10.3347,-8.31273,-6.16945,-3.8936,-1.47759,1.08527,3.52342,5.82119,7.98449,10.0248,11.9523,13.7761,15.5043,17.1443,18.7027,20.1853,21.5976,22.9445,24.2304,25.4593,26.635,27.7608,28.8399,29.8751,30.609,30.9814,31.3629,31.7539,32.1548,32.566,32.9877,33.4206,33.8649,34.3211,34.7898,35.2715,35.7666,36.2759,36.7998,37.339,37.8943,38.4663,39.0558,39.6635,40.2905,40.9376,41.6058,42.2961,43.0096,43.7476,44.5113,45.3021,46.1215,46.971,
-1.85519e-06, -48.3784,-47.4778,-46.6101,-45.7734,-44.9662,-44.1869,-43.4342,-42.7066,-42.0029,-41.3221,-40.6629,-40.0243,-39.4055,-38.8055,-38.2235,-37.6586,-37.1102,-36.5774,-36.0598,-35.5565,-35.0671,-34.5909,-34.1275,-33.6763,-33.2369,-32.8088,-32.3915,-31.9848,-31.588,-31.201,-30.8234,-30.4548,-29.4441,-28.3908,-27.2923,-26.1459,-24.9482,-23.6957,-22.3846,-21.0107,-19.5694,-18.0555,-16.4635,-14.7871,-13.0196,-11.1531,-9.17921,-7.08838,-4.86988,-2.51165,-8.53654e-05,2.5115,4.86973,7.08824,9.17908,11.153,13.0194,14.787,16.4634,18.0554,19.5693,21.0106,22.3845,23.6956,24.9481,26.1458,27.2923,28.3907,29.4441,30.4547,30.8234,31.201,31.588,31.9847,32.3915,32.8088,33.2369,33.6763,34.1275,34.5909,35.0671,35.5565,36.0597,36.5774,37.1101,37.6586,38.2234,38.8055,39.4055,40.0243,40.6628,41.322,42.0029,42.7065,43.4341,44.1869,44.9661,45.7733,46.61,47.4777,
0.0599981, -47.8524,-46.971,-46.1216,-45.3022,-44.5114,-43.7477,-43.0097,-42.2961,-41.6058,-40.9376,-40.2906,-39.6636,-39.0558,-38.4663,-37.8943,-37.3391,-36.7998,-36.2759,-35.7667,-35.2715,-34.7899,-34.3212,-33.8649,-33.4206,-32.9878,-32.566,-32.1549,-31.754,-31.3629,-30.9814,-30.609,-29.8751,-28.84,-27.7609,-26.6351,-25.4594,-24.2304,-22.9446,-21.5977,-20.1854,-18.7028,-17.1444,-15.5044,-13.7762,-11.9524,-10.0249,-7.98463,-5.82133,-3.52358,-1.08543,1.47743,3.89345,6.16931,8.31259,10.3346,12.2452,14.0535,15.7675,17.3942,18.9404,20.4116,21.8134,23.1504,24.4271,25.6475,26.8152,27.9335,29.0055,30.0341,30.667,31.0408,31.4238,31.8164,32.2189,32.6317,33.0552,33.4898,33.936,34.3942,34.865,35.3487,35.8461,36.3576,36.884,37.4257,37.9836,38.5583,39.1507,39.7615,40.3917,41.0421,41.7137,42.4077,43.125,43.8671,44.6351,45.4304,46.2545,47.1089,47.9956,
0.119998, -47.3376,-46.475,-45.6432,-44.8406,-44.0657,-43.317,-42.5934,-41.8935,-41.2161,-40.5603,-39.925,-39.3093,-38.7122,-38.133,-37.5708,-37.0249,-36.4946,-35.9793,-35.4783,-34.9911,-34.517,-34.0556,-33.6063,-33.1687,-32.7423,-32.3268,-31.9216,-31.5265,-31.141,-30.7648,-30.2988,-29.2813,-28.2211,-27.1154,-25.9611,-24.7551,-23.4937,-22.173,-20.7889,-19.3365,-17.8108,-16.206,-14.5158,-12.7333,-10.8506,-8.85902,-6.74891,-4.50932,-2.12799,0.409597,2.89138,5.22683,7.42455,9.49637,11.4528,13.3032,15.056,16.7188,18.2981,19.8003,21.2307,22.5945,23.8962,25.1398,26.3293,27.468,28.5592,29.6058,30.5121,30.8822,31.2613,31.6498,32.0481,32.4565,32.8755,33.3054,33.7466,34.1997,34.6652,35.1434,35.635,36.1405,36.6605,37.1957,37.7467,38.3143,38.8992,39.5021,40.1241,40.7658,41.4284,42.1129,42.8203,43.5518,44.3088,45.0924,45.9042,46.7458,47.6187,48.5248,
0.179998, -46.8338,-45.9893,-45.1746,-44.3883,-43.6288,-42.8948,-42.1851,-41.4984,-40.8337,-40.1899,-39.5661,-38.9613,-38.3746,-37.8054,-37.2527,-36.716,-36.1945,-35.6875,-35.1946,-34.715,-34.2483,-33.794,-33.3516,-32.9206,-32.5005,-32.091,-31.6917,-31.3022,-30.9222,-30.5512,-29.7151,-28.6732,-27.587,-26.4536,-25.2698,-24.0322,-22.7371,-21.3803,-19.9573,-18.4632,-16.8924,-15.2391,-13.4964,-11.6569,-9.71235,-7.65348,-5.46989,-3.14991,-0.686881,1.86335,4.2599,6.51415,8.63769,10.6416,12.5356,14.3286,16.0284,17.6422,19.1762,20.6362,22.0275,23.3549,24.6225,25.8344,26.9941,28.105,29.17,30.192,30.7252,31.1004,31.4849,31.8791,32.2832,32.6977,33.1229,33.5594,34.0074,34.4676,34.9404,35.4263,35.9259,36.4397,36.9685,37.5128,38.0733,38.6508,39.2461,39.8599,40.4932,41.147,41.8221,42.5198,43.241,43.9872,44.7594,45.5592,46.3881,47.2477,48.1396,49.0658,
0.239998, -46.3406,-45.5136,-44.7156,-43.945,-43.2005,-42.4807,-41.7845,-41.1107,-40.4583,-39.8262,-39.2135,-38.6193,-38.0429,-37.4834,-36.94,-36.4122,-35.8992,-35.4004,-34.9153,-34.4433,-33.9839,-33.5365,-33.1007,-32.6761,-32.2622,-31.8587,-31.4651,-31.0811,-30.7064,-30.1414,-29.1174,-28.0503,-26.9371,-25.775,-24.5605,-23.2901,-21.9599,-20.5654,-19.1019,-17.5642,-15.9464,-14.2423,-12.4445,-10.5454,-8.53588,-6.40622,-4.14526,-1.74291,0.812628,3.26755,5.58054,7.75776,9.81081,11.75,13.5846,15.3228,16.972,18.5389,20.0295,21.4492,22.8029,24.0952,25.3302,26.5115,27.6426,28.7266,29.7664,30.5697,30.9412,31.3218,31.7118,32.1117,32.5218,32.9424,33.3741,33.8172,34.2723,34.7397,35.22,35.7138,36.2216,36.744,37.2817,37.8353,38.4056,38.9933,39.5992,40.2243,40.8693,41.5353,42.2234,42.9346,43.6701,44.4313,45.2193,46.0358,46.8823,47.7604,48.672,49.619,
0.299998, -45.8577,-45.0477,-44.2658,-43.5105,-42.7805,-42.0745,-41.3915,-40.7302,-40.0897,-39.4689,-38.8671,-38.2833,-37.7168,-37.1668,-36.6325,-36.1134,-35.6087,-35.1179,-34.6405,-34.1758,-33.7234,-33.2828,-32.8536,-32.4353,-32.0274,-31.6297,-31.2417,-30.8631,-30.4936,-29.5539,-28.5053,-27.4119,-26.2708,-25.0789,-23.8325,-22.528,-21.1612,-19.7274,-18.2216,-16.6384,-14.9715,-13.2141,-11.3588,-9.39693,-7.31922,-5.11507,-2.77254,-0.281762,2.24878,4.62283,6.85578,8.95984,10.9459,12.8235,14.6014,16.2873,17.8881,19.4102,20.8591,22.2401,23.5578,24.8164,26.0199,27.1718,28.2753,29.3335,30.3489,30.7836,31.1603,31.5463,31.942,32.3477,32.7639,33.1909,33.6292,34.0791,34.5413,35.0161,35.5042,36.006,36.5222,37.0534,37.6002,38.1634,38.7437,39.3419,39.9588,40.5953,41.2524,41.9311,42.6324,43.3576,44.1078,44.8844,45.6888,46.5225,47.3871,48.2844,49.2163,50,
0.359998, -45.3847,-44.5912,-43.8249,-43.0844,-42.3686,-41.676,-41.0057,-40.3566,-39.7277,-39.1181,-38.5268,-37.9532,-37.3963,-36.8555,-36.3301,-35.8194,-35.3229,-34.8399,-34.3699,-33.9124,-33.4669,-33.033,-32.6101,-32.1979,-31.796,-31.404,-31.0215,-30.6482,-29.9829,-28.9524,-27.8782,-26.7576,-25.5875,-24.3646,-23.0851,-21.745,-20.3401,-18.8653,-17.3155,-15.6846,-13.9663,-12.1532,-10.2374,-8.20975,-6.06028,-3.77764,-1.35501,1.20918,3.64007,5.93092,8.08791,10.1225,12.0447,13.8636,15.5874,17.2233,18.7778,20.2569,21.666,23.0098,24.2929,25.5192,26.6924,27.816,28.8929,29.926,30.6275,31.0004,31.3825,31.7741,32.1755,32.5873,33.0097,33.4431,33.8881,34.3451,34.8145,35.297,35.7929,36.303,36.8278,37.368,37.9242,38.4972,39.0878,39.6967,40.3249,40.9732,41.6427,42.3344,43.0494,43.789,44.5544,45.3469,46.1681,47.0195,47.9029,48.82,49.7729,50,
0.419998, -44.9214,-44.1439,-43.3927,-42.6667,-41.9645,-41.285,-40.6272,-39.9899,-39.3723,-38.7734,-38.1924,-37.6286,-37.0811,-36.5494,-36.0326,-35.5302,-35.0416,-34.5662,-34.1035,-33.6531,-33.2143,-32.7869,-32.3702,-31.964,-31.5679,-31.1815,-30.8043,-30.4046,-29.3917,-28.3363,-27.2356,-26.0868,-24.8866,-23.6314,-22.3174,-20.9404,-19.4956,-17.9782,-16.3822,-14.7016,-12.9294,-11.058,-9.07862,-6.98182,-4.7568,-2.39141,0.12942,2.63127,4.98229,7.19424,9.27909,11.2475,13.1089,14.8719,16.544,18.1321,19.6423,21.0803,22.4511,23.7592,25.009,26.2042,27.3483,28.4445,29.4958,30.4731,30.8422,31.2203,31.6079,32.0051,32.4125,32.8304,33.2591,33.6992,34.1511,34.6152,35.0921,35.5823,36.0864,36.605,37.1386,37.688,38.2539,38.837,39.4381,40.0581,40.6978,41.3583,42.0405,42.7456,43.4747,44.2291,45.01,45.819,46.6575,47.5273,48.43,49.3677,50,50,
0.479998, -44.4674,-43.7054,-42.969,-42.257,-41.5681,-40.9013,-40.2555,-39.6297,-39.0231,-38.4347,-37.8638,-37.3096,-36.7713,-36.2483,-35.7399,-35.2456,-34.7647,-34.2968,-33.8413,-33.3977,-32.9655,-32.5444,-32.1339,-31.7335,-31.3431,-30.9621,-30.5902,-29.8234,-28.7862,-27.705,-26.5769,-25.3987,-24.1672,-22.8785,-21.5286,-20.113,-18.6269,-17.0648,-15.4207,-13.688,-11.8594,-9.92659,-7.88057,-5.71101,-3.40638,-0.960786,1.59941,4.00899,6.27801,8.41505,10.4313,12.3368,14.1403,15.8498,17.4725,19.0148,20.4826,21.8812,23.2152,24.4891,25.7069,26.8721,27.9881,29.058,30.0846,30.6855,31.0598,31.4434,31.8365,32.2396,32.653,33.0771,33.5124,33.9592,34.4182,34.8896,35.3742,35.8724,36.3848,36.912,37.4547,38.0135,38.5893,39.1827,39.7947,40.426,41.0777,41.7506,42.446,43.1649,43.9085,44.6781,45.4751,46.301,47.1575,48.0462,48.9689,49.9277,50,50,
0.539998, -44.0226,-43.2756,-42.5535,-41.855,-41.1791,-40.5246,-39.8905,-39.276,-38.6801,-38.1019,-37.5408,-36.9959,-36.4665,-35.9521,-35.452,-34.9655,-34.4922,-34.0316,-33.583,-33.1461,-32.7204,-32.3055,-31.9009,-31.5063,-31.1214,-30.7457,-30.2478,-29.2284,-28.166,-27.0581,-25.9014,-24.6928,-23.4287,-22.1051,-20.7178,-19.2621,-17.7327,-16.1239,-14.4295,-12.6423,-10.7545,-8.75735,-6.64122,-4.39503,-2.00645,0.537073,3.01004,5.33835,7.52958,9.59548,11.5465,13.3919,15.1402,16.7987,18.3741,19.8727,21.2998,22.6605,23.9592,25.2002,26.3872,27.5236,28.6126,29.657,30.5305,30.901,31.2806,31.6697,32.0685,32.4775,32.8971,33.3276,33.7695,34.2233,34.6895,35.1684,35.6608,36.1672,36.6881,37.2242,37.7762,38.3447,38.9306,39.5347,40.1578,40.8008,41.4647,42.1505,42.8594,43.5924,44.3509,45.1363,45.9499,46.7933,47.6682,48.5765,49.5199,50,50,50,
0.599998, -43.5865,-42.8541,-42.1459,-41.4606,-40.7973,-40.1548,-39.5322,-38.9285,-38.343,-37.7748,-37.2232,-36.6874,-36.1668,-35.6607,-35.1686,-34.6899,-34.224,-33.7704,-33.3286,-32.8983,-32.4789,-32.07,-31.6713,-31.2823,-30.9028,-30.5324,-29.6628,-28.6189,-27.5306,-26.3948,-25.2086,-23.9683,-22.6703,-21.3105,-19.8842,-18.3865,-16.812,-15.1545,-13.4073,-11.5629,-9.61296,-7.5483,-5.35837,-3.03143,-0.560079,1.98441,4.37438,6.62186,8.73923,10.7375,12.6263,14.4146,16.1101,17.7197,19.25,20.7066,22.0947,23.4191,24.6839,25.8932,27.0505,28.1592,29.2221,30.2421,30.7437,31.1195,31.5045,31.8992,32.3039,32.719,33.1448,33.5819,34.0307,34.4915,34.9651,35.4518,35.9521,36.4669,36.9965,37.5417,38.1032,38.6818,39.2781,39.8931,40.5276,41.1826,41.8591,42.5581,43.2808,44.0285,44.8024,45.604,46.4347,47.2962,48.1902,49.1186,50,50,50,50,
0.659998, -43.159,-42.4408,-41.746,-41.0736,-40.4225,-39.7916,-39.1802,-38.5871,-38.0118,-37.4533,-36.9109,-36.384,-35.872,-35.3741,-34.8898,-34.4185,-33.9598,-33.5132,-33.0781,-32.6541,-32.2409,-31.838,-31.445,-31.0615,-30.6873,-30.0899,-29.0639,-27.9946,-26.8793,-25.7147,-24.4977,-23.2245,-21.8913,-20.4936,-19.0266,-17.4852,-15.8635,-14.155,-12.3526,-10.4481,-8.4331,-6.29735,-4.02971,-1.62137,0.938155,3.38513,5.69106,7.86185,9.90904,11.8429,13.6726,15.4062,17.0513,18.6143,20.1013,21.5177,22.8683,24.1578,25.39,26.5689,27.6976,28.7795,29.8173,30.5881,30.96,31.3411,31.7317,32.1321,32.5428,32.9641,33.3964,33.8401,34.2959,34.764,35.2451,35.7396,36.2483,36.7715,37.3101,37.8647,38.436,39.0247,39.6318,40.258,40.9043,41.5716,42.261,42.9737,43.7107,44.4734,45.2632,46.0815,46.9298,47.81,48.7237,49.673,50,50,50,50,
0.719998, -42.7397,-42.0353,-41.3537,-40.6937,-40.0545,-39.435,-38.8344,-38.2517,-37.6862,-37.1372,-36.6039,-36.0857,-35.5819,-35.0919,-34.6153,-34.1514,-33.6997,-33.2598,-32.8313,-32.4136,-32.0064,-31.6093,-31.2218,-30.8438,-30.4748,-29.5012,-28.4505,-27.3549,-26.2115,-25.017,-23.768,-22.4606,-21.0906,-19.6535,-18.1442,-16.5571,-14.886,-13.1241,-11.2638,-9.29644,-7.21288,-5.0023,-2.65273,-0.152718,2.36961,4.73629,6.96254,9.0605,11.041,12.9135,14.6866,16.3682,17.965,19.4834,20.9289,22.3067,23.6215,24.8774,26.0783,27.2278,28.329,29.3851,30.3986,30.8022,31.1794,31.5659,31.9622,32.3685,32.7852,33.2128,33.6517,34.1024,34.5652,35.0408,35.5296,36.0323,36.5493,37.0814,37.6291,38.1933,38.7746,39.3739,39.9919,40.6296,41.288,41.968,42.6707,43.3974,44.1492,44.9274,45.7335,46.5691,47.4356,48.335,49.2691,50,50,50,50,50,
0.779998, -42.3286,-41.6375,-40.9686,-40.3208,-39.6932,-39.0847,-38.4946,-37.922,-37.3662,-36.8264,-36.3019,-35.7921,-35.2965,-34.8143,-34.3451,-33.8884,-33.4436,-33.0103,-32.5881,-32.1766,-31.7752,-31.3838,-31.0019,-30.6291,-29.9309,-28.8983,-27.822,-26.6992,-25.5266,-24.3011,-23.0188,-21.6757,-20.2675,-18.7893,-17.2357,-15.6008,-13.8781,-12.0603,-10.1391,-8.10581,-5.95018,-3.66077,-1.23134,1.33284,3.75661,6.04047,8.1911,10.2198,12.1368,13.9508,15.6701,17.3018,18.8526,20.3281,21.7339,23.0747,24.3549,25.5786,26.7493,27.8705,28.9453,29.9764,30.6459,31.0193,31.4018,31.794,32.196,32.6083,33.0313,33.4654,33.911,34.3687,34.8388,35.322,35.8188,36.3297,36.8554,37.3964,37.9536,38.5276,39.1193,39.7293,40.3586,41.0082,41.679,42.3721,43.0885,43.8296,44.5965,45.3907,46.2137,47.0671,47.9525,48.8717,49.8269,50,50,50,50,50,
0.839998, -41.9253,-41.2472,-40.5907,-39.9547,-39.3383,-38.7406,-38.1608,-37.598,-37.0515,-36.5207,-36.0048,-35.5033,-35.0156,-34.541,-34.0791,-33.6294,-33.1913,-32.7645,-32.3485,-31.943,-31.5474,-31.1615,-30.785,-30.3533,-29.3384,-28.2809,-27.178,-26.0268,-24.824,-23.5661,-22.2492,-20.8691,-19.421,-17.8999,-16.3001,-14.6152,-12.8384,-10.962,-8.97698,-6.87426,-4.64274,-2.27022,0.258764,2.75105,5.09478,7.30009,9.37889,11.3418,13.1982,14.9565,16.6243,18.2084,19.7149,21.1495,22.5171,23.8224,25.0694,26.2621,27.4038,28.4978,29.547,30.4912,30.8608,31.2395,31.6275,32.0253,32.4333,32.8517,33.2811,33.7218,34.1743,34.6392,35.1168,35.6078,36.1127,36.6321,37.1666,37.7169,38.2838,38.8679,39.4701,40.0912,40.7322,41.3939,42.0775,42.7839,43.5145,44.2704,45.053,45.8637,46.7041,47.5758,48.4807,49.4205,50,50,50,50,50,50,
0.899998, -41.5295,-40.8641,-40.2197,-39.5951,-38.9897,-38.4025,-37.8326,-37.2794,-36.7421,-36.2201,-35.7126,-35.2192,-34.7391,-34.272,-33.8172,-33.3743,-32.9428,-32.5224,-32.1125,-31.7128,-31.3229,-30.9424,-30.5711,-29.7708,-28.7316,-27.6482,-26.5178,-25.3372,-24.103,-22.8115,-21.4585,-20.0397,-18.5501,-16.9841,-15.336,-13.5988,-11.7654,-9.82716,-7.77544,-5.59963,-3.28815,-0.834891,1.72127,4.12454,6.38664,8.51738,10.5279,12.4282,14.2268,15.9318,17.5504,19.089,20.5533,21.9485,23.2795,24.5506,25.7658,26.9285,28.0423,29.11,30.1346,30.704,31.0787,31.4628,31.8565,32.2601,32.674,33.0988,33.5347,33.9822,34.4418,34.914,35.3993,35.8982,36.4115,36.9395,37.4831,38.0429,38.6197,39.2142,39.8273,40.4598,41.1126,41.7869,42.4836,43.2039,43.949,44.7202,45.519,46.3467,47.205,48.0957,49.0206,49.9817,50,50,50,50,50,50,
0.959998, -41.1412,-40.4881,-39.8553,-39.242,-38.6472,-38.0702,-37.5101,-36.9662,-36.4379,-35.9243,-35.4251,-34.9395,-34.467,-34.0071,-33.5592,-33.123,-32.698,-32.2837,-31.8798,-31.4858,-31.1014,-30.7263,-30.1959,-29.1745,-28.1101,-26.9998,-25.8408,-24.6296,-23.3628,-22.0363,-20.6458,-19.1866,-17.6536,-16.0409,-14.3421,-12.5502,-10.6571,-8.65454,-6.53239,-4.27963,-1.88439,0.664521,3.1288,5.4499,7.63455,9.69445,11.6401,13.4805,15.2241,16.8783,18.4498,19.9447,21.3685,22.726,24.0219,25.2601,26.4446,27.5786,28.6654,29.7078,30.5487,30.9197,31.2998,31.6894,32.0887,32.4983,32.9184,33.3496,33.7921,34.2466,34.7134,35.1932,35.6863,36.1935,36.7152,37.2522,37.8051,38.3746,38.9616,39.5667,40.1909,40.8351,41.5003,42.1874,42.8977,43.6322,44.3923,45.1793,45.9947,46.8399,47.7168,48.6271,49.5727,50,50,50,50,50,50,50,
1.02, -40.7601,-40.1189,-39.4975,-38.8951,-38.3107,-37.7436,-37.193,-36.6582,-36.1386,-35.6334,-35.1421,-34.6642,-34.1991,-33.7463,-33.3052,-32.8756,-32.4568,-32.0486,-31.6505,-31.2621,-30.8832,-30.5133,-29.6097,-28.5637,-27.4732,-26.3351,-25.1464,-23.9034,-22.6026,-21.2397,-19.8101,-18.3089,-16.7305,-15.0688,-13.3171,-11.4679,-9.51236,-7.44192,-5.24567,-2.91179,-0.431877,2.10655,4.48897,6.7296,8.84072,10.8335,12.7171,14.5005,16.1915,17.7971,19.3236,20.7767,22.1616,23.4829,24.745,25.9516,27.1065,28.2129,29.2737,30.2917,30.7622,31.1384,31.524,31.9192,32.3244,32.7401,33.1665,33.6042,34.0536,34.5152,34.9894,35.4768,35.978,36.4936,37.0241,37.5702,38.1326,38.7122,39.3096,39.9257,40.5613,41.2176,41.8953,42.5957,43.3199,44.0691,44.8446,45.6479,46.4804,47.3438,48.2398,49.1703,50,50,50,50,50,50,50,50,
1.08, -40.386,-39.7564,-39.1461,-38.5543,-37.98,-37.4226,-36.8813,-36.3553,-35.8442,-35.3471,-34.8637,-34.3932,-33.9353,-33.4894,-33.055,-32.6317,-32.2191,-31.8168,-31.4244,-31.0416,-30.6679,-30.0374,-29.0094,-27.9381,-26.8204,-25.6534,-24.4338,-23.1579,-21.8216,-20.4207,-18.9504,-17.4052,-15.7795,-14.0666,-12.2595,-10.3497,-8.32906,-6.18722,-3.91292,-1.4984,1.06378,3.50293,5.8017,7.96597,10.0072,11.9359,13.7605,15.4895,17.1303,18.6894,20.1728,21.5858,22.9334,24.2199,25.4495,26.6258,27.7523,28.8319,29.8676,30.6063,30.9787,31.3603,31.7514,32.1524,32.5636,32.9854,33.4184,33.8628,34.3192,34.788,35.2698,35.7651,36.2746,36.7987,37.3382,37.8937,38.4659,39.0557,39.6638,40.2912,40.9386,41.6072,42.298,43.012,43.7505,44.5148,45.3062,46.1262,46.9765,47.8585,48.7744,49.7258,50,50,50,50,50,50,50,50,
1.14, -40.0186,-39.4004,-38.8009,-38.2194,-37.655,-37.107,-36.5747,-36.0574,-35.5545,-35.0654,-34.5896,-34.1265,-33.6756,-33.2364,-32.8085,-32.3915,-31.9849,-31.5884,-31.2016,-30.8241,-30.4556,-29.4474,-28.3947,-27.2969,-26.1511,-24.9541,-23.7024,-22.3921,-21.019,-19.5786,-18.0657,-16.4747,-14.7994,-13.0329,-11.1677,-9.19462,-7.10521,-4.88823,-2.53162,-0.0221178,2.49076,4.84996,7.06942,9.16118,11.1363,13.0036,14.7719,16.4491,18.0418,19.5564,20.9985,22.373,23.6848,24.9379,26.1363,27.2833,28.3823,29.4362,30.4478,30.8207,31.1984,31.5854,31.9822,32.389,32.8063,33.2345,33.6741,34.1253,34.5889,35.0652,35.5547,36.0582,36.576,37.109,37.6576,38.2227,38.8051,39.4054,40.0245,40.6634,41.323,42.0043,42.7084,43.4365,44.1898,44.9696,45.7774,46.6147,47.4832,48.3846,49.3209,50,50,50,50,50,50,50,50,50,
1.2, -39.6579,-39.0507,-38.4617,-37.8902,-37.3354,-36.7966,-36.2731,-35.7643,-35.2695,-34.7882,-34.3198,-33.8638,-33.4198,-32.9872,-32.5657,-32.1548,-31.7541,-31.3632,-30.9819,-30.6097,-29.8779,-28.8433,-27.7648,-26.6397,-25.4647,-24.2365,-22.9514,-21.6053,-20.1939,-18.7122,-17.1548,-15.5159,-13.7888,-11.9662,-10.0394,-8.0005,-5.8387,-3.54253,-1.10608,1.45671,3.87347,6.15023,8.2944,10.3172,12.2291,14.0382,15.7529,17.3804,18.9272,20.3991,21.8015,23.1393,24.4166,25.6376,26.8059,27.9248,28.9973,30.0264,30.6642,31.038,31.4211,31.8137,32.2163,32.6291,33.0527,33.4874,33.9337,34.392,34.8629,35.3468,35.8443,36.356,36.8825,37.4245,37.9826,38.5576,39.1502,39.7613,40.3918,41.0426,41.7146,42.409,43.1269,43.8694,44.6379,45.4338,46.2585,47.1137,48.0011,48.9224,49.8798,50,50,50,50,50,50,50,50,50,
1.26, -39.3036,-38.7071,-38.1284,-37.5667,-37.0213,-36.4914,-35.9765,-35.4759,-34.989,-34.5153,-34.0541,-33.6052,-33.1679,-32.7417,-32.3264,-31.9215,-31.5266,-31.1413,-30.7652,-30.3009,-29.2841,-28.2244,-27.1194,-25.9658,-24.7604,-23.4998,-22.18,-20.7967,-19.3453,-17.8205,-16.2167,-14.5276,-12.7462,-10.8647,-8.87391,-6.76526,-4.52725,-2.14759,0.38843,2.87126,5.20757,7.40613,9.47879,11.4365,13.2877,15.0412,16.7046,18.2847,19.7875,21.2186,22.583,23.8853,25.1296,26.3196,27.4589,28.5507,29.5978,30.5093,30.8794,31.2585,31.647,32.0454,32.4538,32.8729,33.3028,33.7442,34.1974,34.6629,35.1412,35.633,36.1386,36.6588,37.1942,37.7454,38.3132,38.8984,39.5016,40.1238,40.7659,41.4289,42.1137,42.8216,43.5536,44.311,45.0952,45.9077,46.7499,47.6235,48.5303,49.4723,50,50,50,50,50,50,50,50,50,50,
1.32, -38.9556,-38.3695,-37.8008,-37.2486,-36.7124,-36.1913,-35.6847,-35.1921,-34.7129,-34.2466,-33.7926,-33.3504,-32.9197,-32.4999,-32.0906,-31.6916,-31.3023,-30.9224,-30.5516,-29.7172,-28.676,-27.5904,-26.4576,-25.2746,-24.0377,-22.7433,-21.3874,-19.9653,-18.4721,-16.9023,-15.25,-13.5085,-11.6702,-9.72624,-7.6688,-5.48675,-3.16842,-0.707262,1.84345,4.24051,6.49556,8.61989,10.6246,12.5199,14.3136,16.0141,17.6285,19.1631,20.6238,22.0157,23.3437,24.6119,25.8244,26.9847,28.0961,29.1617,30.1842,30.7223,31.0976,31.4821,31.8763,32.2804,32.6949,33.1202,33.5567,34.0049,34.4652,34.938,35.4241,35.9238,36.4378,36.9667,37.5112,38.0719,38.6497,39.2452,39.8593,40.493,41.147,41.8226,42.5206,43.2423,43.9889,44.7617,45.562,46.3915,47.2517,48.1444,49.0713,50,50,50,50,50,50,50,50,50,50,50,
1.38, -38.6137,-38.0378,-37.4788,-36.9359,-36.4085,-35.896,-35.3976,-34.9129,-34.4412,-33.9821,-33.535,-33.0995,-32.6752,-32.2616,-31.8583,-31.4649,-31.0811,-30.7066,-30.1429,-29.1196,-28.053,-26.9405,-25.7791,-24.5653,-23.2957,-21.9662,-20.5726,-19.11,-17.5733,-15.9566,-14.2535,-12.457,-10.5582,-8.55017,-6.42201,-4.16267,-1.76186,0.7924,3.2481,5.56184,7.7398,9.7936,11.7342,13.5694,15.3083,16.9581,18.5256,20.0168,21.4371,22.7915,24.0843,25.3199,26.5017,27.6334,28.7179,29.7583,30.5668,30.9383,31.3189,31.7089,32.1088,32.5189,32.9396,33.3714,33.8146,34.2697,34.7372,35.2176,35.7115,36.2194,36.742,37.2798,37.8337,38.4041,38.9921,39.5983,40.2236,40.8689,41.5353,42.2238,42.9354,43.6713,44.4329,45.2215,46.0386,46.8857,47.7645,48.6768,49.6246,50,50,50,50,50,50,50,50,50,50,50,
1.44, -38.2777,-37.7117,-37.1622,-36.6284,-36.1097,-35.6055,-35.1151,-34.638,-34.1737,-33.7216,-33.2813,-32.8524,-32.4343,-32.0267,-31.6292,-31.2415,-30.8631,-30.4937,-29.5555,-28.5075,-27.4147,-26.2743,-25.083,-23.8374,-22.5337,-21.1677,-19.7348,-18.23,-16.6477,-14.9819,-13.2257,-11.3715,-9.41015,-7.33392,-5.13135,-2.79052,-0.301787,2.22935,4.60407,6.83772,8.94248,10.93,12.8082,14.5867,16.2732,17.8746,19.3973,20.8468,22.2284,23.5466,24.8058,26.0099,27.1623,28.2663,29.325,30.341,30.7806,31.1573,31.5433,31.9391,32.3448,32.761,33.188,33.6263,34.0764,34.5386,35.0135,35.5017,36.0036,36.52,37.0513,37.5983,38.1617,38.7422,39.3406,39.9578,40.5946,41.252,41.931,42.6327,43.3583,44.109,44.886,45.691,46.5252,47.3905,48.2885,49.2211,50,50,50,50,50,50,50,50,50,50,50,50,
1.5, -37.9476,-37.3912,-36.8509,-36.326,-35.8157,-35.3196,-34.837,-34.3674,-33.9103,-33.4651,-33.0315,-32.6089,-32.1969,-31.7953,-31.4035,-31.0212,-30.6481,-29.9839,-28.9539,-27.8804,-26.7604,-25.591,-24.3688,-23.09,-21.7508,-20.3467,-18.8729,-17.324,-15.6942,-13.977,-12.1651,-10.2495,-8.22334,-6.07542,-3.79444,-1.37353,1.18994,3.62134,5.91282,8.07046,10.1056,12.0294,13.8489,15.5732,17.2097,18.7648,20.2444,21.654,22.9984,24.282,25.5088,26.6826,27.8067,28.8841,29.9177,30.6245,30.9974,31.3795,31.7711,32.1725,32.5843,33.0067,33.4402,33.8852,34.3423,34.8118,35.2943,35.7904,36.3006,36.8255,37.3658,37.9223,38.4955,39.0862,39.6954,40.3238,40.9725,41.6423,42.3343,43.0497,43.7897,44.5555,45.3485,46.1702,47.0222,47.9062,48.8241,49.7777,50,50,50,50,50,50,50,50,50,50,50,50,
1.56, -37.6231,-37.0761,-36.5448,-36.0285,-35.5265,-35.0383,-34.5633,-34.101,-33.6509,-33.2125,-32.7853,-32.369,-31.963,-31.5671,-31.1809,-30.804,-30.405,-29.3926,-28.3378,-27.2378,-26.0896,-24.8901,-23.6356,-22.3224,-20.9462,-19.5024,-17.9859,-16.391,-14.7114,-12.9404,-11.0702,-9.09109,-6.99581,-4.77241,-2.40877,0.110041,2.61266,4.96423,7.17675,9.2622,11.2322,13.0942,14.8577,16.5303,18.1189,19.6297,21.0682,22.4395,23.7482,24.9984,26.1941,27.3387,28.4354,29.4872,30.47,30.8391,31.2173,31.6048,32.0021,32.4095,32.8273,33.2561,33.6962,34.1482,34.6124,35.0893,35.5796,36.0838,36.6025,37.1362,37.6858,38.2518,38.8351,39.4364,40.0567,40.6967,41.3574,42.04,42.7454,43.4749,44.2297,45.0111,45.8206,46.6596,47.53,48.4334,49.3717,50,50,50,50,50,50,50,50,50,50,50,50,50,
1.62, -37.304,-36.7663,-36.2437,-35.7358,-35.2419,-34.7615,-34.2939,-33.8387,-33.3955,-32.9636,-32.5428,-32.1325,-31.7325,-31.3423,-30.9615,-30.5898,-29.8237,-28.7871,-27.7065,-26.579,-25.4016,-24.1707,-22.8828,-21.5337,-20.119,-18.6338,-17.0726,-15.4296,-13.6981,-11.8706,-9.93795,-7.8934,-5.72542,-3.4225,-0.978775,1.58121,3.99104,6.26056,8.39815,10.415,12.3221,14.126,15.8361,17.4593,19.0021,20.4704,21.8694,23.2039,24.4783,25.6966,26.8623,27.9788,29.0492,30.0762,30.6825,31.0568,31.4403,31.8334,32.2365,32.6499,33.074,33.5093,33.9562,34.4152,34.8867,35.3713,35.8696,36.3821,36.9094,37.4522,38.0112,38.5872,39.1808,39.793,40.4245,41.0765,41.7497,42.4454,43.1646,43.9086,44.6786,45.4761,46.3026,47.1595,48.0488,48.9722,49.9318,50,50,50,50,50,50,50,50,50,50,50,50,50,
1.68, -36.9904,-36.4615,-35.9476,-35.4479,-34.9619,-34.489,-34.0286,-33.5804,-33.1439,-32.7185,-32.3038,-31.8996,-31.5052,-31.1205,-30.7451,-30.2475,-29.2286,-28.1669,-27.0596,-25.9036,-24.6957,-23.4323,-22.1095,-20.723,-19.2682,-17.7397,-16.132,-14.4386,-12.6526,-10.7661,-8.76902,-6.65442,-4.4099,-2.0231,0.518849,2.99229,5.32103,7.51272,9.57911,11.5319,13.3778,15.1265,16.7854,18.3613,19.8603,21.2879,22.6491,23.9483,25.1897,26.3771,27.514,28.6035,29.6484,30.5274,30.8979,31.2775,31.6665,32.0654,32.4744,32.8939,33.3245,33.7664,34.2202,34.6864,35.1655,35.6579,36.1643,36.6853,37.2216,37.7737,38.3424,38.9285,39.5327,40.156,40.7993,41.4634,42.1495,42.8587,43.5921,44.351,45.1368,45.9508,46.7948,47.6703,48.5791,49.5232,50,50,50,50,50,50,50,50,50,50,50,50,50,50,
1.74, -36.6819,-36.1618,-35.6562,-35.1645,-34.6862,-34.2207,-33.7675,-33.3261,-32.896,-32.4769,-32.0684,-31.6699,-31.2812,-30.9019,-30.5317,-29.6625,-28.6192,-27.5314,-26.3963,-25.2107,-23.9712,-22.6739,-21.3149,-19.8895,-18.3927,-16.8192,-15.1627,-13.4167,-11.5735,-9.62345,-7.56029,-5.37198,-3.04678,-0.577437,1.96697,4.35726,6.60513,8.72292,10.7231,12.6123,14.401,16.0968,17.7069,19.2376,20.6947,22.0832,23.408,24.6733,25.883,27.0408,28.1498,29.2132,30.2337,30.7406,31.1164,31.5014,31.896,32.3007,32.7158,33.1416,33.5787,34.0275,34.4884,34.962,35.4487,35.9492,36.4639,36.9937,37.539,38.1007,38.6793,39.2758,39.891,40.5257,41.181,41.8577,42.557,43.2801,44.0281,44.8024,45.6044,46.4356,47.2976,48.1922,49.1212,50,50,50,50,50,50,50,50,50,50,50,50,50,50,50,
1.8, -36.3786,-35.867,-35.3695,-34.8857,-34.4148,-33.9565,-33.5102,-33.0755,-32.6519,-32.2389,-31.8363,-31.4436,-31.0604,-30.6864,-30.0889,-29.0635,-27.9948,-26.8801,-25.7161,-24.4998,-23.2274,-21.8949,-20.4981,-19.032,-17.4916,-15.8708,-14.1634,-12.3622,-10.4574,-8.44387,-6.30969,-4.04374,-1.63715,0.921131,3.36831,5.67453,7.84566,9.89323,11.8291,13.6591,15.3931,17.0385,18.6019,20.0893,21.5061,22.8572,24.147,25.3797,26.5589,27.6881,28.7704,29.8086,30.585,30.9569,31.3379,31.7285,32.1289,32.5395,32.9608,33.3931,33.8369,34.2926,34.7608,35.2419,35.7365,36.2452,36.7686,37.3072,37.8619,38.4333,39.0222,39.6295,40.2558,40.9023,41.5699,42.2596,42.9725,43.7099,44.473,45.2631,46.0818,46.9307,47.8113,48.7256,49.6755,50,50,50,50,50,50,50,50,50,50,50,50,50,50,50,
1.86, -36.0802,-35.5769,-35.0874,-34.6112,-34.1477,-33.6964,-33.2569,-32.8287,-32.4113,-32.0044,-31.6076,-31.2204,-30.8426,-30.4738,-29.5001,-28.45,-27.355,-26.2122,-25.0184,-23.7701,-22.4635,-21.0943,-19.6581,-18.1497,-16.5635,-14.8935,-13.1327,-11.2736,-9.30597,-7.22394,-5.01501,-2.66722,-0.169342,2.35317,4.72004,6.94654,9.04481,11.0274,12.9002,14.6737,16.3556,17.9527,19.4714,20.9173,22.2955,23.6106,24.8669,26.0682,27.2181,28.3198,29.3762,30.3901,30.799,31.1762,31.5627,31.9589,32.3652,32.7819,33.2095,33.6484,34.099,34.5619,35.0375,35.5264,36.0291,36.5462,37.0783,37.6262,38.1905,38.7719,39.3713,39.9895,40.6274,41.286,41.9662,42.6692,43.3962,44.1483,44.9269,45.7334,46.5694,47.4364,48.3363,49.271,50,50,50,50,50,50,50,50,50,50,50,50,50,50,50,50,
1.92, -35.7867,-35.2915,-34.8098,-34.341,-33.8847,-33.4403,-33.0074,-32.5855,-32.1743,-31.7732,-31.3821,-31.0004,-30.6279,-29.9293,-28.8972,-27.8215,-26.6993,-25.5274,-24.3025,-23.0209,-21.6787,-20.2713,-18.7939,-17.2413,-15.6074,-13.8858,-12.0692,-10.1474,-8.11561,-5.96157,-3.67388,-1.24633,1.31704,3.74074,6.02476,8.17561,10.2046,12.1238,13.9381,15.6576,17.2897,18.8407,20.3166,21.7227,23.0638,24.3444,25.5684,26.7396,27.8611,28.9363,29.9678,30.6428,31.0161,31.3986,31.7907,32.1927,32.605,33.0279,33.462,33.9076,34.3653,34.8355,35.3187,35.8155,36.3264,36.8522,37.3933,37.9506,38.5247,39.1165,39.7267,40.3562,41.0059,41.6769,42.3702,43.0869,43.8283,44.5956,45.3901,46.2135,47.0673,47.9532,48.873,49.8287,50,50,50,50,50,50,50,50,50,50,50,50,50,50,50,50,
1.98, -35.4979,-35.0106,-34.5365,-34.075,-33.6257,-33.188,-32.7616,-32.3459,-31.9407,-31.5454,-31.1598,-30.7835,-30.351,-29.3367,-28.2797,-27.1774,-26.0268,-24.8247,-23.5675,-22.2514,-20.872,-19.4248,-17.9046,-16.3057,-14.622,-12.8463,-10.9711,-8.9855,-6.88433,-4.65448,-2.28376,0.243275,2.73567,5.07944,7.28487,9.36386,11.3292,13.1858,14.9442,16.6123,18.1966,19.7035,21.1384,22.5063,23.8119,25.0592,26.2522,27.3943,28.4886,29.5382,30.4881,30.8577,31.2363,31.6243,32.022,32.4299,32.8483,33.2777,33.7184,34.1709,34.6357,35.1134,35.6044,36.1093,36.6287,37.1633,37.7137,38.2807,38.8649,39.4672,40.0885,40.7296,41.3915,42.0753,42.782,43.5128,44.2691,45.052,45.8631,46.7039,47.576,48.4813,49.4217,50,50,50,50,50,50,50,50,50,50,50,50,50,50,50,50,50,
2.04, -35.2138,-34.7342,-34.2675,-33.8131,-33.3706,-32.9395,-32.5194,-32.1098,-31.7104,-31.3208,-30.9406,-30.5696,-29.7685,-28.7298,-27.647,-26.5171,-25.3372,-24.1036,-22.8128,-21.4607,-20.0427,-18.5539,-16.9889,-15.3418,-13.6057,-11.7735,-9.8344,-7.78418,-5.61,-3.30027,-0.848999,1.70672,4.10967,6.37177,8.50262,10.5133,12.4161,14.2149,15.9201,17.5389,19.0777,20.5422,21.9377,23.269,24.5404,25.7559,26.919,28.033,29.1011,30.126,30.7008,31.0756,31.4596,31.8532,32.2567,32.6707,33.0953,33.5312,33.9787,34.4383,34.9105,35.3958,35.8948,36.408,36.9361,37.4798,38.0397,38.6165,39.2111,39.8243,40.4569,41.11,41.7844,42.4814,43.2019,43.9473,44.7188,45.5178,46.3459,47.2047,48.0958,49.0212,49.9829,50,50,50,50,50,50,50,50,50,50,50,50,50,50,50,50,50,
2.1, -34.9341,-34.4621,-34.0026,-33.5552,-33.1194,-32.6947,-32.2807,-31.8771,-31.4835,-31.0994,-30.7245,-30.1929,-29.172,-28.1082,-26.9985,-25.8401,-24.6296,-23.3634,-22.0376,-20.6479,-19.1896,-17.6575,-16.0457,-14.348,-12.5573,-10.6639,-8.66196,-6.54139,-4.29032,-1.89688,0.650403,3.11451,5.43549,7.62014,9.68011,11.6285,13.469,15.2126,16.867,18.4387,19.9338,21.3578,22.7156,24.0117,25.2502,26.435,27.5693,28.6564,29.6992,30.5455,30.9165,31.2966,31.6861,32.0854,32.4949,32.915,33.3461,33.7886,34.2431,34.7099,35.1896,35.6828,36.1899,36.7117,37.2487,37.8017,38.3713,38.9583,39.5636,40.1879,40.8322,41.4976,42.1849,42.8953,43.6301,44.3905,45.1777,45.9934,46.8391,47.7164,48.6271,49.5733,50,50,50,50,50,50,50,50,50,50,50,50,50,50,50,50,50,50,
2.16, -34.6589,-34.1942,-33.7418,-33.3012,-32.8719,-32.4535,-32.0456,-31.6478,-31.2597,-30.8811,-30.5114,-29.6066,-28.5612,-27.4712,-26.3337,-25.1456,-23.9033,-22.6032,-21.241,-19.8122,-18.3119,-16.7344,-15.0738,-13.3232,-11.4751,-9.51846,-7.44955,-5.25493,-2.92284,-0.444992,2.09294,4.47513,6.71563,8.82673,10.8224,12.706,14.4894,16.1805,17.7862,19.3129,20.7662,22.1512,23.4728,24.7351,25.9421,27.0972,28.2038,29.2649,30.2832,30.759,31.1353,31.5207,31.9159,32.321,32.7366,33.163,33.6007,34.0501,34.5116,34.9858,35.4732,35.9744,36.49,37.0205,37.5667,38.1292,38.7088,39.3062,39.9224,40.5582,41.2146,41.8925,42.5931,43.3175,44.0669,44.8427,45.6462,46.4791,47.3428,48.2393,49.1703,50,50,50,50,50,50,50,50,50,50,50,50,50,50,50,50,50,50,50,
2.22, -34.3879,-33.9304,-33.4849,-33.0509,-32.628,-32.2158,-31.8138,-31.4217,-31.0392,-30.6658,-30.0337,-29.0063,-27.9354,-26.8183,-25.6519,-24.4329,-23.1577,-21.8222,-20.4221,-18.9525,-17.4083,-15.7835,-14.0717,-12.2657,-10.3545,-8.33531,-6.19507,-3.92248,-1.50986,1.05105,3.48974,5.78826,7.9524,9.9936,11.9253,13.7499,15.4789,17.1198,18.679,20.1625,21.5757,22.9234,24.2102,25.44,26.6165,27.7432,28.8231,29.8591,30.6032,30.9756,31.3571,31.7481,32.149,32.5602,32.982,33.4148,33.8592,34.3155,34.7844,35.2662,35.7615,36.2709,36.795,37.3345,37.8901,38.4624,39.0522,39.6604,40.2878,40.9354,41.6041,42.295,43.0093,43.748,44.5125,45.3042,46.1245,46.9751,47.8575,48.7738,49.7257,50,50,50,50,50,50,50,50,50,50,50,50,50,50,50,50,50,50,50,
2.28, -34.1212,-33.6707,-33.232,-32.8045,-32.3878,-31.9816,-31.5854,-31.1989,-30.8217,-30.4535,-29.4436,-28.3914,-27.2941,-26.1489,-24.9525,-23.7014,-22.3919,-21.0195,-19.5799,-18.0678,-16.4778,-14.8035,-13.0381,-11.174,-9.19952,-7.11164,-4.89632,-2.54152,-0.0341456,2.47835,4.83716,7.05636,9.14797,11.1263,12.9935,14.7618,16.4389,18.0317,19.5464,20.9885,22.3632,23.6752,24.9285,26.127,27.2743,28.3736,29.4277,30.4395,30.8175,31.1951,31.5822,31.9788,32.3856,32.8029,33.231,33.6705,34.1217,34.5852,35.0615,35.551,36.0544,36.5723,37.1052,37.6539,38.2191,38.8014,39.4018,40.021,40.66,41.3197,42.0011,42.7054,43.4336,44.1871,44.9672,45.7753,46.6129,47.4818,48.3835,49.3202,50,50,50,50,50,50,50,50,50,50,50,50,50,50,50,50,50,50,50,50,
2.34, -33.8586,-33.4149,-32.9828,-32.5616,-32.1511,-31.7507,-31.3602,-30.9792,-30.6072,-29.8734,-28.8393,-27.7614,-26.6368,-25.4624,-24.2348,-22.9504,-21.605,-20.1944,-18.7135,-17.157,-15.519,-13.7929,-11.9714,-10.0429,-8.00552,-5.84532,-3.5509,-1.11642,1.44538,3.86143,6.13779,8.28169,10.3044,12.2196,14.0285,15.7431,17.3706,18.9175,20.3895,21.792,23.1298,24.4073,25.6284,26.7969,27.916,28.9888,30.0181,30.661,31.0348,31.4178,31.8104,32.2129,32.6257,33.0492,33.4838,33.9301,34.3883,34.8592,35.343,35.8405,36.3522,36.8787,37.4207,37.9788,38.5538,39.1465,39.7577,40.3882,41.0391,41.7112,42.4058,43.1238,43.8665,44.6352,45.4313,46.2563,47.1118,47.9995,48.9212,49.8791,50,50,50,50,50,50,50,50,50,50,50,50,50,50,50,50,50,50,50,50,
2.4, -33.5999,-33.163,-32.7373,-32.3224,-31.9178,-31.5232,-31.1382,-30.7625,-30.2959,-29.2795,-28.2204,-27.1158,-25.9628,-24.758,-23.498,-22.1789,-20.7963,-19.3457,-17.8218,-16.2189,-14.5308,-12.7504,-10.8701,-8.87754,-6.77043,-4.53409,-2.15625,0.377892,2.86007,5.19584,7.39401,9.46639,11.4277,13.2786,15.032,16.6953,18.2753,19.7781,21.2093,22.5738,23.8762,25.1205,26.3108,27.4503,28.5422,29.5895,30.5061,30.8761,31.2552,31.6438,32.0421,32.4505,32.8694,33.2993,33.7406,34.1937,34.6592,35.1375,35.6292,36.1348,36.655,37.1903,37.7416,38.3094,38.8945,39.4978,40.1201,40.7623,41.4253,42.1103,42.8183,43.5504,44.308,45.0924,45.9051,46.7476,47.6215,48.5286,49.471,50,50,50,50,50,50,50,50,50,50,50,50,50,50,50,50,50,50,50,50,50,
2.46, -33.3452,-32.9149,-32.4955,-32.0866,-31.6879,-31.2989,-30.9193,-30.5489,-29.712,-28.6712,-27.5862,-26.4539,-25.2714,-24.0352,-22.7415,-21.3862,-19.9648,-18.4724,-16.9036,-15.2522,-13.5117,-11.6745,-9.72848,-7.67254,-5.4921,-3.17552,-0.716375,1.83353,4.22961,6.48412,8.60806,10.6124,12.5115,14.305,16.0053,17.6196,19.1542,20.6148,22.0068,23.3348,24.6031,25.8157,26.9761,28.0877,29.1534,30.1761,30.7191,31.0943,31.4788,31.8729,32.2771,32.6915,33.1167,33.5532,34.0012,34.4614,34.9343,35.4203,35.9199,36.4339,36.9628,37.5073,38.068,38.6458,39.2413,39.8555,40.4891,41.1433,41.8189,42.517,43.2389,43.9856,44.7586,45.5591,46.3889,47.2493,48.1423,49.0696,50,50,50,50,50,50,50,50,50,50,50,50,50,50,50,50,50,50,50,50,50,50,
2.52, -33.0943,-32.6704,-32.2571,-31.8542,-31.4612,-31.0778,-30.7035,-30.1372,-29.1142,-28.0481,-26.9362,-25.7752,-24.5621,-23.2931,-21.9643,-20.5713,-19.1095,-17.5736,-15.9578,-14.2557,-12.4602,-10.5591,-8.55246,-6.42586,-4.1682,-1.76935,0.783379,3.23816,5.5512,7.72861,9.78202,11.7266,13.5615,15.3001,16.9497,18.5171,20.0082,21.4285,22.7828,24.0758,25.3113,26.4933,27.6251,28.7098,29.7503,30.5636,30.935,31.3156,31.7056,32.1055,32.5156,32.9362,33.3678,33.8109,34.266,34.7334,35.2138,35.7076,36.2155,36.738,37.2759,37.8297,38.4001,38.9881,39.5943,40.2196,40.8651,41.5315,42.22,42.9317,43.6678,44.4296,45.2183,46.0356,46.8829,47.762,48.6746,49.6227,50,50,50,50,50,50,50,50,50,50,50,50,50,50,50,50,50,50,50,50,50,50,
2.58, -32.8472,-32.4295,-32.0223,-31.6252,-31.2378,-30.8597,-30.4907,-29.5495,-28.502,-27.4097,-26.2698,-25.079,-23.834,-22.5309,-21.1656,-19.7334,-18.2294,-16.648,-14.9831,-13.2279,-11.3748,-9.41103,-7.33629,-5.13533,-2.79627,-0.309574,2.22049,4.59435,6.8273,8.93153,10.9233,12.8011,14.5792,16.2654,17.8666,19.3891,20.8386,22.2201,23.5383,24.7976,26.0016,27.1541,28.2583,29.317,30.3332,30.7773,31.154,31.54,31.9357,32.3414,32.7576,33.1846,33.6228,34.0727,34.5349,35.0097,35.4978,35.9997,36.516,37.0473,37.5943,38.1576,38.7381,39.3365,39.9537,40.5905,41.248,41.9271,42.6289,43.3546,44.1054,44.8826,45.6877,46.5221,47.3876,48.2859,49.2188,50,50,50,50,50,50,50,50,50,50,50,50,50,50,50,50,50,50,50,50,50,50,50,
2.64, -32.6037,-32.1922,-31.7909,-31.3994,-31.0175,-30.6447,-29.9774,-28.9478,-27.8747,-26.7552,-25.5863,-24.3646,-23.0865,-21.7479,-20.3445,-18.8714,-17.3234,-15.6945,-13.9782,-12.1673,-10.249,-8.22425,-6.07788,-3.79859,-1.37966,1.18244,3.61266,5.90328,8.06023,10.0949,12.0231,13.8421,15.5661,17.2023,18.7571,20.2366,21.6461,22.9905,24.274,25.5009,26.6747,27.7988,28.8763,29.9101,30.6213,30.9941,31.3761,31.7677,32.1691,32.5809,33.0033,33.4367,33.8816,34.3386,34.808,35.2905,35.7865,36.2966,36.8215,37.3618,37.9181,38.4913,39.0821,39.6913,40.3197,40.9683,41.6382,42.3303,43.0458,43.7858,44.5517,45.3449,46.1668,47.019,47.9033,48.8214,49.7753,50,50,50,50,50,50,50,50,50,50,50,50,50,50,50,50,50,50,50,50,50,50,50,
2.7, -32.3638,-31.9583,-31.5627,-31.1769,-30.8003,-30.3979,-29.3859,-28.3315,-27.2319,-26.0842,-24.8852,-23.6313,-22.3187,-20.9432,-19.5001,-17.9843,-16.3902,-14.7116,-12.9416,-11.0724,-9.09055,-6.99676,-4.77499,-2.41311,0.103716,2.60515,4.95569,7.16737,9.25215,11.2269,13.0883,14.8513,16.5235,18.1118,19.6224,21.0607,22.4319,23.7405,24.9907,26.1864,27.331,28.4278,29.4797,30.4668,30.8358,31.2139,31.6014,31.9987,32.406,32.8239,33.2527,33.6927,34.1445,34.6086,35.0855,35.5757,36.0798,36.5984,37.1322,37.6817,38.2477,38.8309,39.4322,40.0524,40.6925,41.3532,42.0358,42.7413,43.4709,44.2257,45.0073,45.8169,46.6561,47.5267,48.4303,49.3689,50,50,50,50,50,50,50,50,50,50,50,50,50,50,50,50,50,50,50,50,50,50,50,50,
2.76, -32.1274,-31.7277,-31.3379,-30.9574,-30.5861,-29.8164,-28.7802,-27.7,-26.573,-25.396,-24.1657,-22.8784,-21.5299,-20.1159,-18.6314,-17.071,-15.4288,-13.6982,-11.8718,-9.93596,-7.89285,-5.72643,-3.4252,-0.983469,1.57522,3.98362,6.25213,8.3889,10.4051,12.3171,14.1205,15.83,17.4529,18.9954,20.4634,21.8622,23.1966,24.471,25.6892,26.8549,27.9714,29.0418,30.0689,30.6792,31.0534,31.4369,31.83,32.2331,32.6464,33.0706,33.5058,33.9526,34.4115,34.8829,35.3675,35.8657,36.3781,36.9053,37.4481,38.0071,38.5829,39.1765,39.7887,40.4202,41.0722,41.7454,42.4411,43.1604,43.9045,44.6746,45.4722,46.2988,47.1559,48.0454,48.969,49.9288,50,50,50,50,50,50,50,50,50,50,50,50,50,50,50,50,50,50,50,50,50,50,50,50,
2.82, -31.8944,-31.5005,-31.1162,-30.7411,-30.2396,-29.2211,-28.1598,-27.0529,-25.8973,-24.6899,-23.4271,-22.1049,-20.7191,-19.2649,-17.7372,-16.1303,-14.4378,-12.6527,-10.7672,-8.76699,-6.65388,-4.41098,-2.02596,0.514137,2.98612,5.31366,7.50437,9.56996,11.528,13.3731,15.1212,16.7797,18.3552,19.8539,21.2813,22.6422,23.9413,25.1826,26.37,27.5068,28.5963,29.6413,30.5241,30.8945,31.2741,31.6631,32.0619,32.4709,32.8904,33.321,33.7629,34.2166,34.6827,35.1616,35.654,36.1603,36.6813,37.2174,37.7695,38.3381,38.9242,39.5284,40.1516,40.7949,41.459,42.1451,42.8543,43.5878,44.3468,45.1326,45.9468,46.7909,47.6665,48.5756,49.5199,50,50,50,50,50,50,50,50,50,50,50,50,50,50,50,50,50,50,50,50,50,50,50,50,50,
2.88, -31.6648,-31.2765,-30.8976,-30.5277,-29.6544,-28.6114,-27.5241,-26.3894,-25.2043,-23.9653,-22.6686,-21.3101,-19.8854,-18.3893,-16.8165,-15.1609,-13.4157,-11.5736,-9.61997,-7.55822,-5.37147,-3.04797,-0.5806,1.96219,4.35109,6.5978,8.71464,10.7203,12.6087,14.3967,16.0919,17.7016,19.2319,20.6886,22.0769,23.4014,24.6666,25.8762,27.0339,28.1429,29.2063,30.2267,30.7373,31.113,31.498,31.8926,32.2972,32.7123,33.1381,33.5752,34.0239,34.4847,34.9582,35.4448,35.9452,36.4599,36.9896,37.5348,38.0964,38.675,39.2715,39.8866,40.5213,41.1765,41.8532,42.5526,43.2757,44.0237,44.7981,45.6002,46.4315,47.2936,48.1883,49.1175,50,50,50,50,50,50,50,50,50,50,50,50,50,50,50,50,50,50,50,50,50,50,50,50,50,50,
2.94, -31.4385,-31.0557,-30.682,-30.0803,-29.0552,-27.9869,-26.8725,-25.7091,-24.4932,-23.2213,-21.8894,-20.4931,-19.0278,-17.488,-15.8681,-14.1615,-12.3612,-10.4525,-8.44031,-6.30761,-4.04329,-1.63874,0.918011,3.36347,5.66834,7.83835,9.885,11.8266,13.6557,15.3891,17.0339,18.5968,20.0838,21.5003,22.8511,24.1407,25.3733,26.5524,27.6815,28.7637,29.8019,30.5816,30.9535,31.3345,31.725,32.1254,32.536,32.9572,33.3895,33.8333,34.2891,34.7571,35.2381,35.7326,36.2412,36.7645,37.3031,37.8577,38.429,39.0179,39.625,40.2514,40.8978,41.5653,42.255,42.968,43.7054,44.4685,45.2587,46.0775,46.9264,47.8072,48.7217,49.6718,50,50,50,50,50,50,50,50,50,50,50,50,50,50,50,50,50,50,50,50,50,50,50,50,50,50,
